#Correlation Depth / fs;  Velocity ACF / pm^2 ps^-2;  Integral / pm^2 ps^-1
0.00; 70654627; 68365.417
0.97; 67087665; 133279.44
1.94; 63072833; 194308.72
2.90; 58648417; 251056.92
3.87; 53909770; 303220.02
4.84; 48856633; 350493.7
5.81; 43614070; 392694.67
6.77; 38184745; 429642.23
7.74; 32726894; 461308.77
8.71; 27165504; 487594.11
9.68; 21582425; 508477.27
10.64; 15967352; 523927.28
11.61; 10381533; 533972.45
12.58; 4907342.4; 538720.79
13.55; -462931.78; 538272.86
14.51; -5632011.9; 532823.33
15.48; -10576844; 522589.17
16.45; -15225865; 507856.62
17.42; -19470815; 489016.66
18.38; -23282828; 466488.2
19.35; -26594664; 440755.2
20.32; -29329886; 412375.6
21.29; -31415145; 381978.31
22.25; -32769238; 350270.79
23.22; -33369039; 317982.91
24.19; -33255336; 285805.05
25.16; -32486188; 254371.41
26.13; -31099691; 224279.35
27.09; -29183046; 196041.84
28.06; -26807960; 170102.45
29.03; -24083513; 146799.25
30.00; -21095742; 126387.01
30.96; -17865619; 109100.23
31.93; -14436123; 95131.841
32.90; -10890837; 84593.867
33.87; -7279124.5; 77550.587
34.83; -3642452.7; 74026.149
35.80; -17016.618; 74009.684
36.77; 3510381.7; 77406.329
37.74; 6858236.9; 84042.359
38.70; 9943065; 93663.269
39.67; 12696844; 105948.74
40.64; 15047734; 120508.92
41.61; 16919072; 136879.82
42.57; 18299506; 154586.42
43.54; 19086799; 173054.81
44.51; 19268186; 191698.7
45.48; 18876711; 209963.81
46.44; 17914635; 227298.01
47.41; 16413867; 243180.07
48.38; 14479740; 257190.66
49.35; 12140944; 268938.24
50.32; 9457126.9; 278088.96
51.28; 6503234.8; 284381.49
52.25; 3358597; 287631.27
53.22; 62293.318; 287691.54
54.19; -3370377.3; 284430.36
55.15; -6862859.3; 277789.86
56.12; -10332532; 267792.1
57.09; -13725960; 254510.86
58.06; -17014476; 238047.66
59.02; -20096430; 218602.35
59.99; -22946278; 196399.53
60.96; -25465000; 171759.6
61.93; -27625842; 145028.83
62.89; -29351215; 116628.6
63.86; -30612289; 87008.148
64.83; -31292922; 56729.116
65.80; -31402835; 26343.733
66.76; -30957042; -3610.3009
67.73; -29974422; -32613.551
68.70; -28504349; -60194.36
69.67; -26595388; -85928.057
70.63; -24286620; -109427.79
71.60; -21686377; -130411.53
72.57; -18810025; -148612.11
73.54; -15760010; -163861.49
74.51; -12527096; -175982.71
75.47; -9161777.4; -184847.65
76.44; -5707811.3; -190370.53
77.41; -2255901.5; -192553.34
78.38; 1156882.5; -191433.94
79.34; 4494481; -187085.08
80.31; 7682772.1; -179651.23
81.28; 10701153; -169296.79
82.25; 13529671; -156205.48
83.21; 16102815; -140624.4
84.18; 18333774; -122884.64
85.15; 20208458; -103330.94
86.12; 21639321; -82392.729
87.08; 22584041; -60540.411
88.05; 23038585; -38248.276
89.02; 23010293; -15983.516
89.99; 22511305; 5798.4231
90.95; 21561253; 26661.092
91.92; 20229508; 46235.163
92.89; 18542059; 64176.46
93.86; 16544532; 80184.949
94.82; 14275019; 93997.458
95.79; 11809924; 105424.74
96.76; 9194149.3; 114321
97.73; 6483151.7; 120594.1
98.70; 3702183.7; 124176.33
99.66; 886051.44; 125033.67
100.63; -1914580.5; 123181.13
101.60; -4625127.6; 118705.85
102.57; -7193731.7; 111745.2
103.53; -9635305.8; 102422.08
104.50; -11850352; 90955.675
105.47; -13796627; 77606.059
106.44; -15478068; 62629.48
107.40; -16827894; 46346.81
108.37; -17805865; 29117.855
109.34; -18412894; 11301.539
110.31; -18663582; -6757.3429
111.27; -18546601; -24703.034
112.24; -18078350; -42195.646
113.21; -17283631; -58919.287
114.18; -16150352; -74546.368
115.14; -14713240; -88782.899
116.11; -13008453; -101369.88
117.08; -11040934; -112053.09
118.05; -8857917; -120624.01
119.01; -6500888.3; -126914.27
119.98; -4043663.9; -130826.92
120.95; -1487423.9; -132266.15
121.92; 1144313; -131158.91
122.89; 3794900.1; -127486.96
123.85; 6462116.2; -121234.22
124.82; 9096900.2; -112432.06
125.79; 11630344; -101178.54
126.76; 14025498; -87607.467
127.72; 16232053; -71901.333
128.69; 18256755; -54236.096
129.66; 20027750; -34857.245
130.63; 21528051; -14026.703
131.59; 22693428; 7931.4577
132.56; 23559654; 30727.779
133.53; 24075777; 54023.5
134.50; 24229062; 77467.54
135.46; 24022120; 100711.34
136.43; 23487461; 123437.81
137.40; 22631765; 145336.31
138.37; 21476460; 166116.93
139.33; 20005077; 185473.84
140.30; 18302475; 203183.32
141.27; 16398971; 219050.96
142.24; 14318648; 232905.69
143.20; 12111378; 244624.65
144.17; 9762134.8; 254070.5
145.14; 7322403; 261155.65
146.11; 4845691.6; 265844.34
147.08; 2312239; 268081.67
148.04; -205733.99; 267882.6
149.01; -2668837.3; 265300.23
149.98; -5032932.7; 260430.37
150.95; -7271815.6; 253394.16
151.91; -9362161.2; 244335.33
152.88; -11283014; 233417.89
153.85; -13003684; 220835.52
154.82; -14490909; 206814.12
155.78; -15745466; 191578.8
156.75; -16760709; 175361.14
157.72; -17521320; 158407.51
158.69; -18020395; 140970.98
159.65; -18256474; 123306.01
160.62; -18223992; 105672.48
161.59; -17907405; 88345.275
162.56; -17358506; 71549.185
163.52; -16572174; 55513.949
164.49; -15584222; 40434.656
165.46; -14420083; 26481.783
166.43; -13037782; 13866.426
167.39; -11483818; 2754.6835
168.36; -9775603.6; -6704.1905
169.33; -7909355.1; -14357.283
170.30; -5945607.7; -20110.253
171.27; -3910782.6; -23894.326
172.23; -1847783.3; -25682.241
173.20; 219855.98; -25469.508
174.17; 2302536; -23241.574
175.14; 4339395.3; -19042.775
176.10; 6329743.7; -12918.115
177.07; 8217184.3; -4967.1679
178.04; 9984076.8; 4693.4248
179.01; 11606892; 15924.254
179.97; 13047909; 28549.411
180.94; 14246820; 42334.634
181.91; 15197851; 57040.074
182.88; 15915494; 72439.906
183.84; 16411649; 88319.817
184.81; 16666320; 104446.15
185.78; 16660243; 120566.6
186.75; 16377409; 136413.38
187.71; 15840402; 151740.55
188.68; 15111663; 166362.6
189.65; 14139529; 180044.01
190.62; 12916469; 192541.98
191.58; 11490187; 203659.89
192.55; 9919702.2; 213258.19
193.52; 8227136.3; 221218.77
194.49; 6482457.3; 227491.19
195.46; 4653444.2; 231993.87
196.42; 2792381.2; 234695.78
197.39; 877155.8; 235544.51
198.36; -1041107.3; 234537.14
199.33; -2918520.6; 231713.18
200.29; -4751639.7; 227115.49
201.26; -6527623; 220799.36
202.23; -8176557; 212887.72
203.20; -9685903.6; 203515.64
204.16; -10993868; 192877.98
205.13; -12097726; 181172.22
206.10; -12939355; 168652.1
207.07; -13526513; 155563.84
208.03; -13905502; 142108.88
209.00; -14061211; 128503.25
209.97; -13949820; 115005.41
210.94; -13571627; 101873.5
211.90; -12996755; 89297.839
212.87; -12199836; 77493.278
213.84; -11184668; 66670.993
214.81; -9984928; 57009.577
215.77; -8613603.6; 48675.054
216.74; -7082432.2; 41822.093
217.71; -5429705.2; 36568.31
218.68; -3667473.1; 33019.663
219.65; -1834775.2; 31244.334
220.61; 18200.952; 31261.946
221.58; 1845452.7; 33047.606
222.55; 3636617.8; 36566.397
223.52; 5318942; 41713.005
224.48; 6866804.3; 48357.325
225.45; 8254874.3; 56344.742
226.42; 9465974.3; 65504.018
227.39; 10435073; 75600.995
228.35; 11173936; 86412.896
229.32; 11654997; 97690.272
230.29; 11872628; 109178.23
231.26; 11798933; 120594.87
232.22; 11443495; 131667.6
233.19; 10811067; 142128.39
234.16; 9893380.4; 151701.22
235.13; 8678019.8; 160098.08
236.09; 7197272.5; 167062.16
237.06; 5503892.4; 172387.72
238.03; 3584915.7; 175856.49
239.00; 1486768; 177295.08
239.96; -762222.23; 176557.56
240.93; -3128373.7; 173530.54
241.90; -5502048.6; 168206.76
242.87; -7888140.6; 160574.2
243.84; -10247238; 150658.97
244.80; -12530956; 138534.02
245.77; -14680678; 124328.99
246.74; -16651488; 108217.01
247.71; -18390974; 90421.906
248.67; -19890915; 71175.456
249.64; -21093265; 50765.613
250.61; -22018201; 29460.802
251.58; -22627408; 7566.5215
252.54; -22948579; -14638.523
253.51; -22927989; -36823.645
254.48; -22615506; -58706.409
255.45; -21953389; -79948.508
256.41; -20961606; -100230.96
257.38; -19647868; -119242.23
258.35; -18048560; -136706.02
259.32; -16113094; -152297.05
260.28; -13908620; -165755.03
261.25; -11451043; -176835.06
262.22; -8788702.2; -185339.01
263.19; -5986760.1; -191131.8
264.15; -3071924.5; -194104.19
265.12; -95043.172; -194196.16
266.09; 2888167.5; -191401.57
267.06; 5852589.9; -185738.6
268.03; 8707610.5; -177313.12
268.99; 11397204; -166285.18
269.96; 13883620; -152851.39
270.93; 16084687; -137287.85
271.90; 18024229; -119847.6
272.86; 19648462; -100835.75
273.83; 20935483; -80578.577
274.80; 21881912; -59405.639
275.77; 22430579; -37701.811
276.73; 22584762; -15848.795
277.70; 22326102; 5753.9413
278.67; 21729295; 26779.207
279.64; 20752443; 46859.271
280.60; 19403316; 65633.92
281.57; 17737663; 82796.882
282.54; 15760125; 98046.379
283.51; 13548075; 111155.5
284.47; 11135102; 121929.82
285.44; 8602234.5; 130253.34
286.41; 6008606.6; 136067.27
287.38; 3384507.7; 139342.12
288.34; 763928.24; 140081.3
289.31; -1793035.1; 138346.36
290.28; -4254635.7; 134229.57
291.25; -6553924.3; 127887.99
292.22; -8662065; 119506.58
293.18; -10554871; 109293.69
294.15; -12193886; 97494.883
295.12; -13521210; 84411.76
296.09; -14505078; 70376.646
297.05; -15159068; 55708.733
298.02; -15480596; 40729.708
298.99; -15373710; 25854.106
299.96; -14880297; 11455.931
300.92; -14022192; -2111.9415
301.89; -12827866; -14524.184
302.86; -11283095; -25441.706
303.83; -9428566.5; -34564.787
304.79; -7302570.6; -41630.755
305.76; -4905245.2; -46377.07
306.73; -2289323.9; -48592.22
307.70; 472619.74; -48134.913
308.66; 3367670.3; -44876.355
309.63; 6298065.2; -38782.347
310.60; 9216257.1; -29864.697
311.57; 12081718; -18174.426
312.53; 14840763; -3814.5041
313.50; 17425561; 13046.469
314.47; 19786334; 32191.725
315.44; 21876897; 53359.811
316.41; 23649984; 76243.535
317.37; 25120057; 100549.7
318.34; 26248160; 125947.42
319.31; 26995746; 152068.51
320.28; 27325191; 178508.36
321.24; 27191895; 204819.24
322.21; 26616802; 230573.66
323.18; 25625206; 255368.61
324.15; 24234907; 278818.3
325.11; 22465022; 300555.46
326.08; 20373516; 320268.87
327.05; 17977487; 337663.89
328.02; 15321000; 352488.49
328.98; 12483986; 364567.99
329.95; 9502744.8; 373762.85
330.92; 6394189.7; 379949.87
331.89; 3240507.7; 383085.38
332.85; 79018.019; 383161.84
333.82; -3038568.4; 380221.72
334.79; -6073527.9; 374344.97
335.76; -8966765.2; 365668.73
336.72; -11643989; 354402.01
337.69; -14054043; 340803.32
338.66; -16196689; 325131.4
339.63; -18050625; 307665.61
340.60; -19595954; 288704.57
341.56; -20869134; 268511.6
342.53; -21786404; 247431.07
343.50; -22310343; 225843.58
344.47; -22479293; 204092.62
345.43; -22309331; 182506.11
346.40; -21818244; 161394.78
347.37; -20995963; 141079.09
348.34; -19860050; 121862.5
349.30; -18446558; 104013.61
350.27; -16777115; 87780.076
351.24; -14946449; 73317.892
352.21; -12951171; 60786.339
353.17; -10823990; 50313.047
354.14; -8636198.3; 41956.661
355.11; -6432485.6; 35732.588
356.08; -4238035.7; 31631.865
357.04; -2099177.4; 29600.701
358.01; -69012.09; 29533.925
358.98; 1784391.1; 31260.502
359.95; 3457521.9; 34606
360.91; 4946636.6; 39392.365
361.88; 6195743.4; 45387.367
362.85; 7171378.6; 52326.392
363.82; 7877736.8; 59948.891
364.79; 8268025.4; 67949.032
365.75; 8346784.8; 76025.381
366.72; 8150919.9; 83912.211
367.69; 7698926.3; 91361.692
368.66; 6982749.2; 98118.2
369.62; 6002216.5; 103925.94
370.59; 4783213.8; 108554.18
371.56; 3391371.2; 111835.67
372.53; 1844843.7; 113620.74
373.49; 163609.84; 113779.05
374.46; -1646902.5; 112185.51
375.43; -3496729.3; 108802.07
376.40; -5372069.5; 103604.06
377.36; -7236723.1; 96601.807
378.33; -9053403.8; 87841.733
379.30; -10748445; 77441.538
380.27; -12295085; 65544.814
381.23; -13664097; 52323.434
382.20; -14813006; 37990.37
383.17; -15756752; 22744.137
384.14; -16464813; 6812.7832
385.10; -16865295; -9506.076
386.07; -17013158; -25968.008
387.04; -16922775; -42342.485
388.01; -16568324; -58373.996
388.98; -15936785; -73794.429
389.94; -15019943; -88327.726
390.91; -13825256; -101705.04
391.88; -12413794; -113716.63
392.85; -10802923; -124169.54
393.81; -9013937.8; -132891.43
394.78; -7045119.6; -139708.28
395.75; -4954551.3; -144502.31
396.72; -2745332.2; -147158.69
397.68; -454427.86; -147598.4
398.65; 1864201.8; -145794.59
399.62; 4142299.5; -141786.5
400.59; 6347779.2; -135644.39
401.55; 8502010.7; -127417.85
402.52; 10543751; -117215.72
403.49; 12432759; -105185.78
404.46; 14109848; -91533.088
405.42; 15629775; -76409.718
406.39; 16888917; -60068.002
407.36; 17882618; -42764.781
408.33; 18644779; -24724.093
409.29; 19166870; -6178.2291
410.26; 19409202; 12602.115
411.23; 19380577; 31354.761
412.20; 19097349; 49833.356
413.17; 18551301; 67783.595
414.13; 17750860; 84959.327
415.10; 16722246; 101139.77
416.07; 15433928; 116073.64
417.04; 14007663; 129627.45
418.00; 12428644; 141653.41
418.97; 10702718; 152009.36
419.94; 8869572; 160591.56
420.91; 6964457.7; 167330.37
421.87; 5023784.7; 172191.38
422.84; 3107363.4; 175198.07
423.81; 1232110.9; 176390.26
424.78; -620618.87; 175789.75
425.74; -2384892.4; 173482.12
426.71; -4037039.6; 169575.88
427.68; -5546798.8; 164208.8
428.65; -6925681.5; 157507.51
429.61; -8153369.6; 149618.31
430.58; -9174285.5; 140741.27
431.55; -10013741; 131051.98
432.52; -10642397; 120754.39
433.48; -11057930; 110054.74
434.45; -11280109; 99140.108
435.42; -11310816; 88195.762
436.39; -11149204; 77407.793
437.36; -10744498; 67011.416
438.32; -10146910; 57193.267
439.29; -9342337.2; 48153.621
440.26; -8395430.5; 40030.203
441.23; -7321162.4; 32946.246
442.19; -6158199.9; 26987.572
443.16; -4917911; 22229.001
444.13; -3601371; 18744.314
445.10; -2229358; 16587.188
446.06; -844253.17; 15770.288
447.03; 535068.07; 16288.02
448.00; 1874253.5; 18101.548
448.97; 3171091.5; 21169.896
449.93; 4417551.3; 25444.318
450.90; 5588140.6; 30851.403
451.87; 6674440.7; 37309.592
452.84; 7635561.9; 44697.762
453.80; 8456130.3; 52879.914
454.77; 9089247.7; 61674.67
455.74; 9557085.2; 70922.105
456.71; 9879180.2; 80481.2
457.67; 10030140; 90186.363
458.64; 10028045; 99889.499
459.61; 9870412.9; 109440.11
460.58; 9537803; 118668.89
461.55; 9063177.7; 127438.42
462.51; 8418081.9; 135583.76
463.48; 7650700.5; 142986.57
464.45; 6779022.9; 149545.96
465.42; 5793471.7; 155151.72
466.38; 4761442.1; 159758.89
467.35; 3653842; 163294.35
468.32; 2525286.6; 165737.82
469.29; 1372083.1; 167065.44
470.25; 184447.13; 167243.91
471.22; -1004583.4; 166271.88
472.19; -2170721.5; 164171.49
473.16; -3280679.2; 160997.1
474.12; -4307838.6; 156828.84
475.09; -5266469.2; 151733
476.06; -6077845.6; 145852.08
477.03; -6792621.6; 139279.54
477.99; -7405405.6; 132114.07
478.96; -7859957.2; 124508.77
479.93; -8165714.7; 116607.63
480.90; -8322965.6; 108554.33
481.86; -8335438.5; 100488.96
482.83; -8193371.1; 92561.052
483.80; -7903014.3; 84914.095
484.77; -7477870.8; 77678.507
485.74; -6932945.4; 70970.189
486.70; -6266920.3; 64906.317
487.67; -5489551; 59594.628
488.64; -4596817.5; 55146.747
489.61; -3613352.5; 51650.467
490.57; -2578719.3; 49155.298
491.54; -1493478.2; 47710.209
492.51; -374267.21; 47348.068
493.48; 794499.79; 48116.826
494.44; 1953038; 50006.585
495.41; 3109008.6; 53014.862
496.38; 4230304; 57108.104
497.35; 5311344.5; 62247.361
498.31; 6268234.9; 68312.505
499.28; 7100946.3; 75183.381
500.25; 7795207.6; 82726.024
501.22; 8353229.5; 90808.609
502.18; 8765905.2; 99290.498
503.15; 9059889.3; 108056.85
504.12; 9209955.6; 116968.4
505.09; 9199724.8; 125870.05
506.05; 9036015.4; 134613.3
507.02; 8750501.6; 143080.29
507.99; 8278670; 151090.73
508.96; 7677241.5; 158519.23
509.93; 6956672.7; 165250.5
510.89; 6109680.5; 171162.23
511.86; 5155290; 176150.49
512.83; 4114679.7; 180131.85
513.80; 2979221.7; 183014.55
514.76; 1785797.4; 184742.49
515.73; 544897.33; 185269.73
516.70; -721619.55; 184571.49
517.67; -2002616.3; 182633.76
518.63; -3275860.2; 179464.04
519.60; -4484885.3; 175124.46
520.57; -5628865.5; 169677.97
521.54; -6708473.3; 163186.85
522.50; -7682290.7; 155753.47
523.47; -8518146.6; 147511.31
524.44; -9191481.2; 138617.63
525.41; -9720579; 129212
526.37; -10112282; 119427.36
527.34; -10353435; 109409.37
528.31; -10430099; 99317.208
529.28; -10332014; 89319.951
530.24; -10083729; 79562.935
531.21; -9682195.8; 70194.442
532.18; -9163089.7; 61328.237
533.15; -8481279.4; 53121.751
534.12; -7689393; 45681.494
535.08; -6763217.1; 39137.405
536.05; -5740665.8; 33582.737
537.02; -4629170.4; 29103.552
537.99; -3454769.6; 25760.717
538.95; -2277990.3; 23556.533
539.92; -1069675.8; 22521.515
540.89; 141528.84; 22658.458
541.86; 1322883.9; 23938.481
542.82; 2443359.3; 26302.675
543.79; 3467529.2; 29657.857
544.76; 4381022.4; 33896.934
545.73; 5145595.9; 38875.812
546.69; 5793883.2; 44481.974
547.66; 6286058.3; 50564.364
548.63; 6600709.5; 56951.21
549.60; 6779304; 63510.865
550.56; 6829222.9; 70118.821
551.53; 6698384.8; 76600.178
552.50; 6433144.6; 82824.889
553.47; 5965732.4; 88597.332
554.43; 5324028.1; 93748.861
555.40; 4487741.1; 98091.199
556.37; 3534049; 101510.75
557.34; 2429675.8; 103861.7
558.31; 1217784.3; 105040.03
559.27; -66651.245; 104975.54
560.24; -1388168.3; 103632.34
561.21; -2777147.9; 100945.18
562.18; -4172399.5; 96907.962
563.14; -5553090.2; 91534.792
564.11; -6887214.8; 84870.723
565.08; -8166552.4; 76968.767
566.05; -9345427; 67926.132
567.01; -10397362; 57865.644
567.98; -11351079; 46882.34
568.95; -12184426; 35092.69
569.92; -12843633; 22665.191
570.88; -13329699; 9767.3742
571.85; -13623821; -3415.0348
572.82; -13723676; -16694.064
573.79; -13617792; -29870.64
574.75; -13349153; -42787.281
575.72; -12893421; -55262.955
576.69; -12262354; -67128.009
577.66; -11468966; -78225.381
578.62; -10507491; -88392.429
579.59; -9388071.3; -97476.327
580.56; -8125632.4; -105338.69
581.53; -6722839.4; -111843.71
582.50; -5191136.9; -116866.65
583.46; -3541497.8; -120293.41
584.43; -1854961; -122088.27
585.40; -119732.75; -122204.12
586.37; 1614617.6; -120641.82
587.33; 3336242.1; -117413.67
588.30; 5005914.3; -112569.94
589.27; 6626242.1; -106158.39
590.24; 8143047.3; -98279.18
591.20; 9545798.3; -89042.666
592.17; 10847103; -78547.009
593.14; 11964561; -66970.1
594.11; 12911392; -54477.037
595.07; 13691024; -41229.602
596.04; 14293501; -27399.211
597.01; 14742375; -13134.489
597.98; 14985938; 1365.9049
598.94; 15062608; 15940.484
599.91; 14975759; 30431.029
600.88; 14720517; 44674.601
601.85; 14310045; 58521
602.81; 13751721; 71827.166
603.78; 13062196; 84466.147
604.75; 12244405; 96313.833
605.72; 11266966; 107215.75
606.69; 10233795; 117117.97
607.65; 9164571.2; 125985.61
608.62; 8064196.3; 133788.53
609.59; 6973505.4; 140536.09
610.56; 5882552.7; 146228.05
611.52; 4800255.5; 150872.77
612.49; 3791323.8; 154541.26
613.46; 2834168.5; 157283.6
614.43; 1949602.1; 159170.04
615.39; 1138424.2; 160271.58
616.36; 391375.17; 160650.27
617.33; -237477.27; 160420.49
618.30; -756282.93; 159688.71
619.26; -1167187.6; 158559.34
620.23; -1432506.8; 157173.24
621.20; -1562985.2; 155660.9
622.17; -1572297.4; 154139.54
623.13; -1442429.3; 152743.85
624.10; -1184287.6; 151597.93
625.07; -821618.67; 150802.93
626.04; -384917.95; 150430.49
627.00; 95133.072; 150522.54
627.97; 618315.06; 151120.82
628.94; 1189438.8; 152271.72
629.91; 1812281.4; 154025.28
630.88; 2460556; 156406.12
631.84; 3107488; 159412.92
632.81; 3742185.3; 163033.86
633.78; 4330038.2; 167223.61
634.75; 4866830.8; 171932.75
635.71; 5331139.2; 177091.16
636.68; 5712296.5; 182618.38
637.65; 6009912.3; 188433.57
638.62; 6163095; 194396.98
639.58; 6217558.5; 200413.09
640.55; 6166906.9; 206380.19
641.52; 5969038.1; 212155.83
642.49; 5675503.4; 217647.45
643.45; 5243269.3; 222720.84
644.42; 4677615.3; 227246.9
645.39; 4011014.7; 231127.96
646.36; 3244358.8; 234267.2
647.32; 2421051.1; 236609.81
648.29; 1513264.8; 238074.04
649.26; 525553.99; 238582.57
650.23; -517428.73; 238081.9
651.19; -1597291.2; 236536.36
652.16; -2686901; 233936.52
653.13; -3754420.8; 230303.74
654.10; -4842189.7; 225618.44
655.07; -5920084.5; 219890.17
656.03; -6985675.3; 213130.83
657.00; -7972401.3; 205416.73
657.97; -8877559.8; 196826.8
658.94; -9698950.9; 187442.1
659.90; -10435034; 177345.16
660.87; -11086442; 166617.92
661.84; -11635553; 155359.36
662.81; -12073986; 143676.57
663.77; -12412398; 131666.33
664.74; -12584118; 119489.94
665.71; -12616299; 107282.41
666.68; -12517291; 95170.677
667.64; -12287005; 83281.771
668.61; -11929445; 71738.84
669.58; -11466828; 60643.537
670.55; -10886351; 50109.904
671.51; -10203351; 40237.141
672.48; -9414734.4; 31127.444
673.45; -8539639.3; 22864.489
674.42; -7566822.8; 15542.831
675.38; -6550018.8; 9205.033
676.35; -5522444.7; 3861.5155
677.32; -4476762.8; -470.2002
678.29; -3416964; -3776.4546
679.26; -2364801; -6064.636
680.22; -1321506; -7343.3252
681.19; -335890.62; -7668.333
682.16; 588796.28; -7098.6137
683.13; 1466686; -5679.4483
684.09; 2242727.6; -3509.3851
685.06; 2899501.9; -703.82711
686.03; 3482838.4; 2666.1674
687.00; 3940794.8; 6479.2804
687.96; 4271392.4; 10612.28
688.93; 4507837.5; 14974.063
689.90; 4624520.6; 19448.749
690.87; 4621845.6; 23920.847
691.83; 4550420.9; 28323.835
692.80; 4355424.2; 32538.143
693.77; 4078051; 36484.065
694.74; 3702212.1; 40066.326
695.70; 3216270.5; 43178.389
696.67; 2614246.6; 45707.934
697.64; 1947907.9; 47592.73
698.61; 1231633.3; 48784.458
699.57; 493349.54; 49261.823
700.54; -271381.22; 48999.235
701.51; -1037056.4; 47995.779
702.48; -1834139.7; 46221.065
703.45; -2606277; 43699.232
704.41; -3347325.5; 40460.359
705.38; -4029732.9; 36561.19
706.35; -4642751.6; 32068.863
707.32; -5187642.7; 27049.3
708.28; -5643643.3; 21588.511
709.25; -5989869.6; 15792.713
710.22; -6245765.8; 9749.3103
711.19; -6400106.7; 3556.5671
712.15; -6487420.5; -2720.661
713.12; -6473810.5; -8984.72
714.09; -6341135.8; -15120.403
715.06; -6108496.4; -21030.984
716.02; -5772182.1; -26616.147
716.99; -5325563.6; -31769.163
717.96; -4757114.4; -36372.147
718.93; -4089796.1; -40329.433
719.89; -3302371.4; -43524.808
720.86; -2442133.5; -45887.816
721.83; -1537927.3; -47375.915
722.80; -584227.66; -47941.213
723.76; 439379.37; -47516.07
724.73; 1489774.5; -46074.564
725.70; 2542141.7; -43614.788
726.67; 3597864.2; -40133.494
727.64; 4622730.7; -35660.54
728.60; 5601433.9; -30240.593
729.57; 6514274.1; -23937.381
730.54; 7351186; -16824.374
731.51; 8113317.5; -8973.9276
732.47; 8750717.9; -506.73291
733.44; 9299661.3; 8491.6194
734.41; 9768890.8; 17943.998
735.38; 10162644; 27777.373
736.34; 10401590; 37841.951
737.31; 10506184; 48007.734
738.28; 10492474; 58160.252
739.25; 10395541; 68218.977
740.21; 10154362; 78044.338
741.18; 9760389.5; 87488.491
742.15; 9253101; 96441.792
743.12; 8642865.2; 104804.63
744.08; 7921783.9; 112469.75
745.05; 7132565.7; 119371.22
746.02; 6272895.3; 125440.87
746.99; 5346588.6; 130614.23
747.95; 4365388.5; 134838.18
748.92; 3382244.2; 138110.84
749.89; 2410344.5; 140443.09
750.86; 1446676.5; 141842.89
751.83; 502558.76; 142329.17
752.79; -385298.45; 141956.35
753.76; -1253620.2; 140743.35
754.73; -2055423.2; 138754.52
755.70; -2768376.1; 136075.84
756.66; -3411346.6; 132775.02
757.63; -3938476.1; 128964.15
758.60; -4353595.9; 124751.61
759.57; -4640629; 120261.34
760.53; -4815148.8; 115602.2
761.50; -4850520.5; 110908.84
762.47; -4776972.9; 106286.64
763.44; -4566350.3; 101868.24
764.40; -4237795.2; 97767.75
765.37; -3798176.8; 94092.634
766.34; -3261344.9; 90936.956
767.31; -2611696.7; 88409.879
768.27; -1908970.6; 86562.759
769.24; -1151032.1; 85449.02
770.21; -325434.08; 85134.13
771.18; 513490.48; 85630.984
772.14; 1382354.3; 86968.55
773.11; 2234901.9; 89131.041
774.08; 3022827.9; 92055.929
775.05; 3804103.8; 95736.78
776.02; 4529297.6; 100119.33
776.98; 5212867.9; 105163.3
777.95; 5784469.2; 110760.35
778.92; 6272927.6; 116830.04
779.89; 6645556.5; 123260.28
780.85; 6927808.5; 129963.62
781.82; 7057248.6; 136792.22
782.79; 7041345.5; 143605.42
783.76; 6925096.4; 150306.15
784.72; 6684582.4; 156774.15
785.69; 6319741.3; 162889.13
786.66; 5841147.4; 168541.02
787.63; 5233271; 173604.74
788.59; 4512259.1; 177970.8
789.56; 3718696.9; 181569.01
790.53; 2858832.6; 184335.22
791.50; 1932154.1; 186204.77
792.46; 976740.23; 187149.86
793.43; -7734.7531; 187142.38
794.40; -972744.14; 186201.15
795.37; -1925622.9; 184337.92
796.33; -2866799.2; 181564
797.30; -3781780.2; 177904.75
798.27; -4679151.8; 173377.21
799.24; -5496349.5; 168058.94
800.21; -6189368.9; 162070.11
801.17; -6799605.2; 155490.81
802.14; -7309655.1; 148417.99
803.11; -7662954.7; 141003.31
804.08; -7855395; 133402.43
805.04; -7924775.2; 125734.42
806.01; -7837749.8; 118150.61
806.98; -7622390.1; 110775.19
807.95; -7280852.5; 103730.23
808.91; -6812332.9; 97138.62
809.88; -6236779.5; 91103.912
810.85; -5569792; 85714.581
811.82; -4759135.7; 81109.642
812.78; -3856239.5; 77378.344
813.75; -2921490.7; 74551.51
814.72; -1955826.3; 72659.053
815.69; -982048.04; 71708.823
816.65; 10749.093; 71719.224
817.62; 1004544; 72691.22
818.59; 1966109.3; 74593.628
819.56; 2876270.3; 77376.707
820.52; 3703281; 80960.002
821.49; 4477424.2; 85292.357
822.46; 5111395.2; 90238.143
823.43; 5629310.7; 95685.064
824.40; 6026718.7; 101516.52
825.36; 6285038.3; 107597.92
826.33; 6404899.8; 113795.3
827.30; 6370932.1; 119959.82
828.27; 6167557.4; 125927.54
829.23; 5810815.8; 131550.09
830.20; 5311337.7; 136689.34
831.17; 4668002.5; 141206.1
832.14; 3919752; 144998.85
833.10; 3052336.5; 147952.29
834.07; 2078167.2; 149963.13
835.04; 1028428.1; 150958.23
836.01; -75217.047; 150885.45
836.97; -1212378; 149712.36
837.94; -2403152.6; 147387.07
838.91; -3643512.2; 143861.6
839.88; -4892254; 139127.86
840.84; -6106669.9; 133219.04
841.81; -7276950; 126177.87
842.78; -8377214.4; 118072.08
843.75; -9404712; 108972.08
844.71; -10315477; 98990.821
845.68; -11098907; 88251.518
846.65; -11728213; 76903.299
847.62; -12230685; 65068.888
848.59; -12597852; 52879.207
849.55; -12812254; 40482.07
850.52; -12835980; 28061.975
851.49; -12729217; 15745.185
852.46; -12445634; 3702.789
853.42; -12033106; -7940.4445
854.39; -11475082; -19043.733
855.36; -10789383; -29483.541
856.33; -9952799.8; -39113.87
857.29; -9025453.1; -47846.898
858.26; -8004349.1; -55591.906
859.23; -6941693.1; -62308.689
860.20; -5803277.8; -67923.94
861.16; -4610033.4; -72384.608
862.13; -3370589; -75645.99
863.10; -2097756.6; -77675.78
864.07; -842353.68; -78490.841
865.03; 386893.84; -78116.483
866.00; 1566115; -76601.11
866.97; 2662707.1; -74024.674
867.94; 3699717.1; -70444.828
868.90; 4585257.6; -66008.133
869.87; 5389961.4; -60792.806
870.84; 6047996.7; -54940.765
871.81; 6572232.2; -48581.473
872.78; 6962728.1; -41844.337
873.74; 7210673.9; -34867.289
874.71; 7361525.7; -27744.277
875.68; 7407986.6; -20576.309
876.65; 7390020.3; -13425.725
877.61; 7288195.6; -6373.6672
878.58; 7101190; 497.44427
879.55; 6839359.8; 7115.2088
880.52; 6488415.5; 13393.4
881.48; 6040677.7; 19238.359
882.45; 5543052.7; 24601.817
883.42; 4995439.4; 29435.404
884.39; 4418729.8; 33710.967
885.35; 3836761.5; 37423.418
886.32; 3278851.2; 40596.034
887.29; 2729344.7; 43236.948
888.26; 2208587.5; 45373.977
889.22; 1747154.5; 47064.524
890.19; 1362972.6; 48383.336
891.16; 1042485.7; 49392.045
892.13; 800053.43; 50166.177
893.09; 618388.33; 50764.53
894.06; 520041.38; 51267.722
895.03; 480484.31; 51732.638
896.00; 522830.03; 52238.529
896.97; 647148.1; 52864.709
897.93; 871688.47; 53708.155
898.90; 1160922.3; 54831.463
899.87; 1534971; 56316.701
900.84; 1973779; 58226.53
901.80; 2447766.7; 60594.989
902.77; 2956355.3; 63455.558
903.74; 3492351.5; 66834.758
904.71; 4080517.5; 70783.066
905.67; 4656389.4; 75288.589
906.64; 5210222.2; 80330
907.61; 5739781.1; 85883.812
908.58; 6233526.4; 91915.372
909.54; 6702880.5; 98401.079
910.51; 7098976.8; 105270.05
911.48; 7394400.6; 112424.87
912.45; 7575238.2; 119754.67
913.41; 7685316; 127190.98
914.38; 7676269; 134618.54
915.35; 7609295.2; 141981.3
916.32; 7474065.6; 149213.2
917.28; 7277135.1; 156254.56
918.25; 6992782.2; 163020.77
919.22; 6616806.3; 169423.19
920.19; 6150820.6; 175374.73
921.16; 5625940.1; 180818.39
922.12; 5029487.3; 185684.92
923.09; 4409897; 189951.94
924.06; 3754121.6; 193584.42
925.03; 3049902.1; 196535.51
925.99; 2296661.1; 198757.76
926.96; 1507206.5; 200216.13
927.93; 698432.12; 200891.94
928.90; -118114.04; 200777.65
929.86; -899598.27; 199907.2
930.83; -1672617.6; 198288.77
931.80; -2413451.8; 195953.52
932.77; -3068574.6; 192984.36
933.73; -3636175.5; 189466
934.70; -4121196.8; 185478.33
935.67; -4524889.3; 181100.05
936.64; -4872245.4; 176385.66
937.60; -5174405; 171378.91
938.57; -5393999.2; 166159.67
939.54; -5529774.4; 160809.06
940.51; -5581845.5; 155408.07
941.47; -5554599.8; 150033.44
942.44; -5441121; 144768.61
943.41; -5247391.6; 139691.24
944.38; -5008311; 134845.19
945.35; -4683548.5; 130313.39
946.31; -4285411.6; 126166.83
947.28; -3830070.9; 122460.85
948.25; -3339564.2; 119229.49
949.22; -2779512.3; 116540.03
950.18; -2223389.2; 114388.68
951.15; -1649868.9; 112792.27
952.12; -1053084.5; 111773.3
953.09; -480498.69; 111308.37
954.05; 65041.616; 111371.31
955.02; 555542.18; 111908.85
955.99; 981027.89; 112858.09
956.96; 1354124.2; 114168.34
957.92; 1646233.1; 115761.24
958.89; 1892041.7; 117591.98
959.86; 2110429.7; 119634.03
960.83; 2267074.5; 121827.65
961.79; 2404680.9; 124154.42
962.76; 2466611.5; 126541.11
963.73; 2472054.7; 128933.07
964.70; 2413119; 131268.01
965.66; 2278465.8; 133472.65
966.63; 2042889.8; 135449.35
967.60; 1717885.7; 137111.58
968.57; 1335522.4; 138403.83
969.54; 894889.53; 139269.72
970.50; 384930.01; 139642.18
971.47; -167055.91; 139480.54
972.44; -745487.48; 138759.21
973.41; -1320603.9; 137481.39
974.37; -1929063.8; 135614.83
975.34; -2577482.7; 133120.85
976.31; -3224922.2; 130000.42
977.28; -3892576; 126233.96
978.24; -4532784.5; 121848.04
979.21; -5165024.1; 116850.36
980.18; -5771857; 111265.51
981.15; -6329292.9; 105141.29
982.11; -6827658.7; 98534.848
983.08; -7264778.5; 91505.449
984.05; -7648113.2; 84105.134
985.02; -7958740; 76404.258
985.98; -8255059.2; 68416.662
986.95; -8469742.3; 60221.34
987.92; -8596459.1; 51903.406
988.89; -8643849.5; 43539.617
989.85; -8616531.1; 35202.261
990.82; -8506566.4; 26971.308
991.79; -8332508.9; 18908.772
992.76; -8104062.5; 11067.281
993.73; -7812226.6; 3508.1708
994.69; -7461973.8; -3712.0351
995.66; -6991559.8; -10477.068
996.63; -6435801; -16704.349
997.60; -5826334.9; -22341.911
998.56; -5155529.6; -27330.402
999.53; -4477705.5; -31663.029
1000.50; -3758120.9; -35299.387
1001.47; -3017224.8; -38218.854
1002.43; -2261105.9; -40406.7
1003.40; -1488815; -41847.277
1004.37; -731978.14; -42555.539
1005.34; 29378.537; -42527.113
1006.30; 807247.3; -41746.02
1007.27; 1572048.9; -40224.906
1008.24; 2313574; -37986.291
1009.21; 3022757.1; -35061.472
1010.17; 3659425.3; -31520.612
1011.14; 4268251.1; -27390.652
1012.11; 4841984; -22705.548
1013.08; 5347186.5; -17531.611
1014.04; 5759309.2; -11958.903
1015.01; 6072736.6; -6082.9232
1015.98; 6281747.7; -4.7041292
1016.95; 6391048.2; 6179.2741
1017.92; 6394834.3; 12366.916
1018.88; 6337073.3; 18498.668
1019.85; 6205666.1; 24503.27
1020.82; 6001860.9; 30310.671
1021.79; 5721658.8; 35846.948
1022.75; 5416248.4; 41087.71
1023.72; 5046314; 45970.523
1024.69; 4646967.6; 50466.929
1025.66; 4213727.7; 54544.132
1026.62; 3765488.4; 58187.619
1027.59; 3295456.5; 61376.303
1028.56; 2814132.1; 64099.257
1029.53; 2312591.2; 66336.92
1030.49; 1848725.4; 68125.747
1031.46; 1359225.1; 69440.933
1032.43; 873772.39; 70286.395
1033.40; 418013.91; 70690.865
1034.36; 3477.0697; 70694.23
1035.33; -366163.58; 70339.93
1036.30; -680228.89; 69681.74
1037.27; -919000.91; 68792.515
1038.23; -1113293.3; 67715.293
1039.20; -1264408.9; 66491.851
1040.17; -1343243.7; 65192.128
1041.14; -1315833; 63918.928
1042.11; -1233610.9; 62725.286
1043.07; -1091287.4; 61669.356
1044.04; -876933.12; 60820.836
1045.01; -625786.81; 60215.325
1045.98; -335618.62; 59890.58
1046.94; -33661.735; 59858.009
1047.91; 312877.5; 60160.749
1048.88; 695951.53; 60834.152
1049.85; 1065066.5; 61864.71
1050.81; 1436696.9; 63254.858
1051.78; 1860119.9; 65054.71
1052.75; 2299942.9; 67280.135
1053.72; 2719467.1; 69911.491
1054.68; 3107115.4; 72917.936
1055.65; 3464464.5; 76270.152
1056.62; 3734747; 79883.893
1057.59; 3980904.8; 83735.817
1058.55; 4190925.2; 87790.956
1059.52; 4328618; 91979.327
1060.49; 4417442.4; 96253.644
1061.46; 4403709.2; 100514.67
1062.42; 4318510.1; 104693.26
1063.39; 4205566.7; 108762.57
1064.36; 3991032.5; 112624.29
1065.33; 3669064.7; 116174.48
1066.30; 3296920.4; 119364.58
1067.26; 2887387.9; 122158.42
1068.23; 2447068.5; 124526.2
1069.20; 1993036.9; 126454.66
1070.17; 1544878.1; 127949.49
1071.13; 1120714.6; 129033.89
1072.10; 675338.83; 129687.35
1073.07; 230440.22; 129910.32
1074.04; -228840.24; 129688.9
1075.00; -637978.34; 129071.59
1075.97; -1050012.9; 128055.6
1076.94; -1449125.9; 126653.42
1077.91; -1797677.3; 124913.99
1078.87; -2065734.2; 122915.18
1079.84; -2266809.3; 120721.82
1080.81; -2410066; 118389.84
1081.78; -2437584; 116031.23
1082.74; -2368197.5; 113739.77
1083.71; -2255978.9; 111556.88
1084.68; -2030556.9; 109592.11
1085.65; -1734522.9; 107913.79
1086.61; -1420705.6; 106539.11
1087.58; -1030472.3; 105542.03
1088.55; -591879.36; 104969.33
1089.52; -91688.372; 104880.61
1090.49; 460528.77; 105326.22
1091.45; 1019494.4; 106312.68
1092.42; 1603358.3; 107864.09
1093.39; 2154649.2; 109948.93
1094.36; 2682394.2; 112544.41
1095.32; 3199702.3; 115640.44
1096.29; 3690152.6; 119211.04
1097.26; 4125057.4; 123202.44
1098.23; 4524372.5; 127580.22
1099.19; 4846210.3; 132269.42
1100.16; 5143699.9; 137246.46
1101.13; 5395084.7; 142466.75
1102.10; 5556627.6; 147843.34
1103.06; 5606992.3; 153268.66
1104.03; 5532933.2; 158622.33
1105.00; 5322560.7; 163772.44
1105.97; 5017424.8; 168627.3
1106.93; 4632268.2; 173109.48
1107.90; 4149977.2; 177125
1108.87; 3569395.9; 180578.75
1109.84; 2903426.7; 183388.1
1110.80; 2158623.2; 185476.79
1111.77; 1346959.8; 186780.11
1112.74; 527970.85; 187290.97
1113.71; -340979.58; 186961.04
1114.68; -1213459.9; 185786.9
1115.64; -2092292.3; 183762.39
1116.61; -2949245.2; 180908.7
1117.58; -3810616.6; 177221.55
1118.55; -4639824.7; 172732.06
1119.51; -5428347.8; 167479.59
1120.48; -6174372.3; 161505.26
1121.45; -6870139.4; 154857.72
1122.42; -7481128.2; 147618.98
1123.38; -7989505.4; 139888.33
1124.35; -8405877.3; 131754.81
1125.32; -8719463.3; 123317.85
1126.29; -8934119.7; 114673.2
1127.25; -9013185.6; 105952.04
1128.22; -8971009.5; 97271.692
1129.19; -8790085.9; 88766.405
1130.16; -8498400.4; 80543.352
1131.12; -8086628.1; 72718.731
1132.09; -7592147.9; 65372.569
1133.06; -7013008.8; 58586.781
1134.03; -6393289.8; 52400.634
1134.99; -5725404.8; 46860.733
1135.96; -5022836.5; 42000.636
1136.93; -4312932; 37827.443
1137.90; -3572315.7; 34370.87
1138.87; -2808770.9; 31653.104
1139.83; -2016813.3; 29701.635
1140.80; -1228270.5; 28513.16
1141.77; -490212.79; 28038.831
1142.74; 207696.1; 28239.797
1143.70; 841149.54; 29053.694
1144.67; 1458810.3; 30465.238
1145.64; 2023181.2; 32422.869
1146.61; 2468345.7; 34811.24
1147.57; 2826691.1; 37546.346
1148.54; 3072641.8; 40519.434
1149.51; 3231407.7; 43646.144
1150.48; 3293332.9; 46832.773
1151.44; 3229448; 49957.587
1152.41; 3035691.3; 52894.922
1153.38; 2773737.7; 55578.791
1154.35; 2393616.3; 57894.854
1155.31; 1942860.7; 59774.766
1156.28; 1429842.4; 61158.281
1157.25; 880218.22; 62009.981
1158.22; 295166.41; 62295.584
1159.18; -326937.06; 61979.239
1160.15; -983896.09; 61027.221
1161.12; -1651364.3; 59429.361
1162.09; -2317015.9; 57187.417
1163.06; -2995481.6; 54288.989
1164.02; -3637949.2; 50768.909
1164.99; -4257231.8; 46649.612
1165.96; -4843627.7; 41962.917
1166.93; -5410120.3; 36728.085
1167.89; -5902683.1; 31016.649
1168.86; -6291516.6; 24928.977
1169.83; -6614461.7; 18528.824
1170.80; -6810797.2; 11938.697
1171.76; -6944344.7; 5219.349
1172.73; -6954669.1; -1509.9889
1173.70; -6876958.9; -8164.1343
1174.67; -6712084.1; -14658.747
1175.63; -6443317.5; -20893.301
1176.60; -6033676.8; -26731.487
1177.57; -5540692.2; -32092.66
1178.54; -4972854.3; -36904.394
1179.50; -4356321; -41119.57
1180.47; -3714122.6; -44713.355
1181.44; -2984630; -47601.283
1182.41; -2233051.3; -49761.984
1183.37; -1468866.8; -51183.259
1184.34; -689810.74; -51850.72
1185.31; 135947.52; -51719.177
1186.28; 959867.44; -50790.409
1187.25; 1805749.9; -49043.166
1188.21; 2607710.7; -46519.945
1189.18; 3399263.6; -43230.818
1190.15; 4151457.3; -39213.867
1191.12; 4840535.3; -34530.165
1192.08; 5480286.5; -29227.44
1193.05; 6049814.8; -23373.639
1194.02; 6549200.2; -17036.633
1194.99; 6960646; -10301.512
1195.95; 7271437.8; -3265.669
1196.92; 7538538.8; 4028.6212
1197.89; 7720340.1; 11498.822
1198.86; 7865524.5; 19109.504
1199.82; 7950642.2; 26802.545
1200.79; 7978269.4; 34522.319
1201.76; 7919944.7; 42185.657
1202.73; 7789661.3; 49722.933
1203.69; 7623174; 57099.116
1204.66; 7418655.8; 64277.408
1205.63; 7165073.4; 71210.333
1206.60; 6903203.8; 77889.873
1207.56; 6619159.7; 84294.572
1208.53; 6316159.5; 90406.088
1209.50; 5995648.4; 96207.477
1210.47; 5702294.3; 101725.02
1211.44; 5422788.9; 106972.11
1212.40; 5177830.5; 111982.18
1213.37; 4912624.4; 116735.63
1214.34; 4699508.4; 121282.88
1215.31; 4485478; 125623.02
1216.27; 4274889.3; 129759.41
1217.24; 4048221.1; 133676.47
1218.21; 3863900.3; 137415.18
1219.18; 3716984.4; 141011.73
1220.14; 3608227.9; 144503.05
1221.11; 3513139.9; 147902.37
1222.08; 3479326.8; 151268.96
1223.05; 3484303.6; 154640.37
1224.01; 3527119.5; 158053.22
1224.98; 3546028.1; 161484.35
1225.95; 3609108.3; 164976.53
1226.92; 3694297.3; 168551.13
1227.88; 3777739.1; 172206.47
1228.85; 3852004.2; 175933.67
1229.82; 3940106.8; 179746.11
1230.79; 4043904.2; 183659
1231.75; 4103937.9; 187629.97
1232.72; 4104900.1; 191601.87
1233.69; 4072754.5; 195542.66
1234.66; 4000683.2; 199413.73
1235.63; 3872195.6; 203160.46
1236.59; 3740247.2; 206779.53
1237.56; 3546983.1; 210211.59
1238.53; 3290854.8; 213395.82
1239.50; 2961152.7; 216261.03
1240.46; 2582023.2; 218759.39
1241.43; 2156370.7; 220845.9
1242.40; 1704193; 222494.88
1243.37; 1247509; 223701.97
1244.33; 729194.07; 224407.53
1245.30; 158237.51; 224560.64
1246.27; -457538.38; 224117.93
1247.24; -1078534.2; 223074.34
1248.20; -1725356.6; 221404.89
1249.17; -2403547.5; 219079.21
1250.14; -3082379.7; 216096.7
1251.11; -3774964.1; 212444.05
1252.07; -4496864.6; 208092.88
1253.04; -5190529.9; 203070.52
1254.01; -5840945.3; 197418.83
1254.98; -6437688.2; 191189.72
1255.94; -6978015.2; 184437.79
1256.91; -7468591.9; 177211.18
1257.88; -7891789.8; 169575.09
1258.85; -8283640.3; 161559.84
1259.82; -8594041.2; 153244.24
1260.78; -8820565.7; 144709.46
1261.75; -8975289.2; 136024.97
1262.72; -9070832.8; 127248.03
1263.69; -9102534.5; 118440.42
1264.65; -9081182.5; 109653.47
1265.62; -8977955.6; 100966.4
1266.59; -8814379.6; 92437.606
1267.56; -8549167.4; 84165.432
1268.52; -8214584.8; 76216.999
1269.49; -7826395.7; 68644.179
1270.46; -7349993.7; 61532.325
1271.43; -6807229.5; 54945.65
1272.39; -6211095.4; 48935.794
1273.36; -5562908.3; 43553.124
1274.33; -4909702.6; 38802.496
1275.30; -4200987.8; 34737.62
1276.26; -3455568.2; 31394.012
1277.23; -2692440.2; 28788.807
1278.20; -1936526.2; 26915.024
1279.17; -1200415.6; 25753.502
1280.13; -500490.67; 25269.227
1281.10; 163677.54; 25427.602
1282.07; 810701.56; 26212.036
1283.04; 1348782.1; 27517.118
1284.01; 1811834.8; 29270.249
1284.97; 2219004; 31417.358
1285.94; 2572300.7; 33906.316
1286.91; 2902098.1; 36714.386
1287.88; 3177653.3; 39789.083
1288.84; 3328965.1; 43010.19
1289.81; 3383531.2; 46284.095
1290.78; 3376967.2; 49551.648
1291.75; 3266310.4; 52712.13
1292.71; 3060334.4; 55673.31
1293.68; 2769614.3; 58353.188
1294.65; 2355145.1; 60632.027
1295.62; 1891480.8; 62462.224
1296.58; 1401095.1; 63817.923
1297.55; 904343.44; 64692.966
1298.52; 390737.73; 65071.044
1299.49; -169991.43; 64906.56
1300.45; -771348.12; 64160.204
1301.42; -1379906.8; 62825.006
1302.39; -1965892.1; 60922.809
1303.36; -2545615.3; 58459.671
1304.32; -3089142.9; 55470.616
1305.29; -3612565.3; 51975.098
1306.26; -4076621.4; 48030.559
1307.23; -4492616.2; 43683.504
1308.20; -4853065.5; 38987.678
1309.16; -5142749.8; 34011.553
1310.13; -5372285; 28813.33
1311.10; -5513603.5; 23478.367
1312.07; -5568732.4; 18090.062
1313.03; -5521561.9; 12747.399
1314.00; -5381085.3; 7540.6604
1314.97; -5187145.7; 2521.5782
1315.94; -4874304; -2194.7983
1316.90; -4466711.8; -6516.7886
1317.87; -4002702; -10389.803
1318.84; -3511652.9; -13787.678
1319.81; -2965287.3; -16656.89
1320.77; -2368581.1; -18948.73
1321.74; -1744817.6; -20637.015
1322.71; -1110103.7; -21711.151
1323.68; -486219.92; -22181.618
1324.64; 175696.88; -22011.613
1325.61; 847644.54; -21191.433
1326.58; 1513372.6; -19727.093
1327.55; 2163239; -17633.943
1328.51; 2829267.2; -14896.344
1329.48; 3443481; -11564.432
1330.45; 4000356.5; -7693.6871
1331.42; 4498996.1; -3340.4585
1332.39; 4887216.3; 1388.412
1333.35; 5226548.7; 6445.6205
1334.32; 5481977.9; 11749.982
1335.29; 5680348.2; 17246.287
1336.26; 5785642.2; 22844.475
1337.22; 5743183.4; 28401.579
1338.19; 5597942.2; 33818.148
1339.16; 5418212.1; 39060.81
1340.13; 5171820.6; 44065.063
1341.09; 4870905.6; 48778.152
1342.06; 4523042.1; 53154.647
1343.03; 4161637.1; 57181.447
1344.00; 3769235.4; 60828.559
1344.96; 3351762.3; 64071.725
1345.93; 2930016.7; 66906.809
1346.90; 2516524.2; 69341.798
1347.87; 2123852.3; 71396.837
1348.83; 1725844.4; 73066.764
1349.80; 1358811.2; 74381.55
1350.77; 1040700; 75388.531
1351.74; 725466.86; 76090.493
1352.70; 461516.02; 76537.056
1353.67; 254288.92; 76783.106
1354.64; 116166.14; 76895.508
1355.61; 28520.367; 76923.104
1356.58; 18936.54; 76941.427
1357.54; 69171.586; 77008.358
1358.51; 212415.38; 77213.891
1359.48; 435491.38; 77635.272
1360.45; 691874.22; 78304.73
1361.41; 1007379.5; 79279.47
1362.38; 1387090.4; 80621.619
1363.35; 1785427.3; 82349.198
1364.32; 2206025.3; 84483.749
1365.28; 2648527.7; 87046.464
1366.25; 3092821.6; 90039.078
1367.22; 3547111.6; 93471.263
1368.19; 3982918.7; 97325.135
1369.15; 4455286.2; 101636.07
1370.12; 4910151; 106387.13
1371.09; 5292760.6; 111508.41
1372.06; 5661597.8; 116986.57
1373.02; 5960239.2; 122753.7
1373.99; 6226195.1; 128778.16
1374.96; 6437999.5; 135007.57
1375.93; 6546680.3; 141342.14
1376.89; 6588183.4; 147716.87
1377.86; 6533587.7; 154038.77
1378.83; 6391564.3; 160223.24
1379.80; 6149659.5; 166173.65
1380.77; 5807166.8; 171792.67
1381.73; 5406563.7; 177024.06
1382.70; 4912866.3; 181777.75
1383.67; 4341265.2; 185978.36
1384.64; 3737228.7; 189594.5
1385.60; 3102774.6; 192596.74
1386.57; 2449056; 194966.45
1387.54; 1771491.1; 196680.55
1388.51; 1114265.2; 197758.71
1389.47; 422224.75; 198167.25
1390.44; -237947.72; 197937.01
1391.41; -906333.33; 197060.05
1392.38; -1530280.3; 195579.35
1393.34; -2145875; 193503
1394.31; -2736572; 190855.09
1395.28; -3289635.1; 187672.04
1396.25; -3788138.3; 184006.64
1397.21; -4230909.2; 179912.81
1398.18; -4583833; 175477.49
1399.15; -4826670.8; 170807.21
1400.12; -4969954.9; 165998.28
1401.08; -5057897.3; 161104.26
1402.05; -5070123; 156198.41
1403.02; -5015801.7; 151345.12
1403.99; -4879093.2; 146624.11
1404.96; -4697541.5; 142078.76
1405.92; -4445227.2; 137777.56
1406.89; -4138825.2; 133772.84
1407.86; -3759323.5; 130135.31
1408.83; -3347403; 126896.37
1409.79; -2875677.8; 124113.86
1410.76; -2344305.1; 121845.51
1411.73; -1818002; 120086.41
1412.70; -1326296.5; 118803.09
1413.66; -857385.42; 117973.48
1414.63; -369284.15; 117616.16
1415.60; 102722.82; 117715.56
1416.57; 533860.19; 118232.12
1417.53; 905884.3; 119108.65
1418.50; 1219139.1; 120288.29
1419.47; 1471657.5; 121712.27
1420.44; 1650123.7; 123308.93
1421.40; 1747317.9; 124999.63
1422.37; 1782986.2; 126724.85
1423.34; 1756528.8; 128424.47
1424.31; 1691117.4; 130060.79
1425.27; 1564346.3; 131574.45
1426.24; 1353157.7; 132883.77
1427.21; 1036155.1; 133886.35
1428.18; 653786.58; 134518.96
1429.15; 210459.96; 134722.6
1430.11; -289556.68; 134442.42
1431.08; -784156.2; 133683.67
1432.05; -1321577.6; 132404.92
1433.02; -1858054.2; 130607.06
1433.98; -2405387.4; 128279.61
1434.95; -2957869.3; 125417.58
1435.92; -3508934.4; 122022.33
1436.89; -4033639; 118119.38
1437.85; -4528906.2; 113737.21
1438.82; -5008929.8; 108890.57
1439.79; -5463355.9; 103604.23
1440.76; -5846060.9; 97947.579
1441.72; -6185051.9; 91962.923
1442.69; -6524545.7; 85649.773
1443.66; -6795446; 79074.499
1444.63; -6963923.7; 72336.207
1445.59; -7087318.4; 65478.517
1446.56; -7191395.3; 58520.123
1447.53; -7213359.6; 51540.477
1448.50; -7170508.6; 44602.292
1449.46; -7058701.7; 37772.293
1450.43; -6885011.9; 31110.355
1451.40; -6696660.1; 24630.667
1452.37; -6479381.2; 18361.218
1453.34; -6240636.7; 12322.778
1454.30; -5978865.4; 6537.6273
1455.27; -5658111.9; 1062.8382
1456.24; -5317326.1; -4082.2064
1457.21; -4937672.8; -8859.8987
1458.17; -4566380.3; -13278.328
1459.14; -4206591.9; -17348.627
1460.11; -3819877; -21044.74
1461.08; -3401115.5; -24335.659
1462.04; -3020151.5; -27257.958
1463.01; -2646880; -29819.079
1463.98; -2292317.1; -32037.125
1464.95; -1949399.6; -33923.364
1465.91; -1602518; -35473.96
1466.88; -1271048.7; -36703.827
1467.85; -946595.13; -37619.752
1468.82; -650074.46; -38248.764
1469.78; -360988.77; -38598.057
1470.75; -124153.49; -38718.188
1471.72; 91855.345; -38629.309
1472.69; 304473.24; -38334.7
1473.65; 486069.04; -37864.38
1474.62; 674122.39; -37212.099
1475.59; 841495.03; -36397.869
1476.56; 948718.54; -35479.889
1477.53; 1088155; -34426.99
1478.49; 1247375.6; -33220.029
1479.46; 1428376.9; -31837.932
1480.43; 1595581; -30294.047
1481.40; 1725115; -28624.826
1482.36; 1819523.1; -26864.256
1483.33; 1897820.3; -25027.925
1484.30; 1969726.1; -23122.018
1485.27; 2065292.5; -21123.641
1486.23; 2166595; -19027.243
1487.20; 2290738.8; -16810.725
1488.17; 2447207.7; -14442.806
1489.14; 2600948.7; -11926.128
1490.10; 2771756.4; -9244.177
1491.07; 2962585.8; -6377.5789
1492.04; 3205790.5; -3275.656
1493.01; 3451909.3; 64.411421
1493.97; 3674715.2; 3620.0658
1494.94; 3924806.8; 7417.7089
1495.91; 4199924; 11481.555
1496.88; 4477227.2; 15813.72
1497.84; 4755716.2; 20415.351
1498.81; 5048827.5; 25300.597
1499.78; 5334214.8; 30461.983
1500.75; 5613961.2; 35894.052
1501.72; 5896397.4; 41599.406
1502.68; 6188422.6; 47587.324
1503.65; 6492284.5; 53869.258
1504.62; 6775873.7; 60425.594
1505.59; 7070093.6; 67266.616
1506.55; 7373640.2; 74401.35
1507.52; 7694826.4; 81846.864
1508.49; 7989616.6; 89577.618
1509.46; 8221123.9; 97532.377
1510.42; 8443843.7; 105702.64
1511.39; 8601756.8; 114025.7
1512.36; 8740333.9; 122482.85
1513.33; 8867471.8; 131063.01
1514.29; 8934779.7; 139708.31
1515.26; 8948557.7; 148366.93
1516.23; 8918437.4; 156996.41
1517.20; 8875958.3; 165584.79
1518.16; 8778624.9; 174078.98
1519.13; 8629994.9; 182429.37
1520.10; 8443878.5; 190599.66
1521.07; 8188397.9; 198522.76
1522.03; 7876034.1; 206143.61
1523.00; 7531898.9; 213431.47
1523.97; 7103492.3; 220304.81
1524.94; 6625090.8; 226715.25
1525.91; 6072047; 232590.56
1526.87; 5471893.3; 237885.17
1527.84; 4833455.2; 242562.02
1528.81; 4157358.4; 246584.68
1529.78; 3448235.3; 249921.19
1530.74; 2721458.2; 252554.47
1531.71; 1974524.5; 254465.02
1532.68; 1201969.9; 255628.05
1533.65; 422329.09; 256036.7
1534.61; -366557.54; 255682.02
1535.58; -1162602.7; 254557.08
1536.55; -1963104.6; 252657.58
1537.52; -2742850.3; 250003.6
1538.48; -3521335.8; 246596.35
1539.45; -4237427.8; 242496.22
1540.42; -4888672.9; 237765.94
1541.39; -5471848.4; 232471.38
1542.35; -5994629.4; 226670.98
1543.32; -6434365.2; 220445.08
1544.29; -6817540.3; 213848.43
1545.26; -7141389.7; 206938.42
1546.22; -7340499.2; 199835.76
1547.19; -7468891.3; 192608.86
1548.16; -7502968.6; 185348.98
1549.13; -7484599.9; 178106.89
1550.10; -7398110.2; 170948.47
1551.06; -7197243.3; 163984.42
1552.03; -6911461.7; 157296.89
1553.00; -6606194.2; 150904.74
1553.97; -6200861.2; 144904.78
1554.93; -5766935.4; 139324.7
1555.90; -5289634.2; 134206.45
1556.87; -4810028.9; 129552.26
1557.84; -4268955.3; 125421.62
1558.80; -3742086.8; 121800.78
1559.77; -3246781.6; 118659.19
1560.74; -2756880.9; 115991.64
1561.71; -2298278.3; 113767.82
1562.67; -1864904.6; 111963.34
1563.64; -1473127.6; 110537.94
1564.61; -1157605.1; 109417.84
1565.58; -925093.95; 108522.72
1566.54; -781638.26; 107766.41
1567.51; -714913.04; 107074.66
1568.48; -726916.79; 106371.29
1569.45; -825398.79; 105572.64
1570.41; -1008061.1; 104597.24
1571.38; -1211562; 103424.93
1572.35; -1499939.5; 101973.59
1573.32; -1836917.5; 100196.19
1574.29; -2222264.2; 98045.925
1575.25; -2650026.3; 95481.76
1576.22; -3120646.1; 92462.223
1577.19; -3625900.8; 88953.801
1578.16; -4144861.4; 84943.233
1579.12; -4647446.2; 80446.364
1580.09; -5157326.3; 75456.135
1581.06; -5650400.5; 69988.808
1582.03; -6167190.8; 64021.434
1582.99; -6684270.8; 57553.734
1583.96; -7137832; 50647.167
1584.93; -7527508.2; 43363.55
1585.90; -7847006.5; 35770.787
1586.86; -8065453.6; 27966.654
1587.83; -8181771.8; 20049.972
1588.80; -8212453.6; 12103.602
1589.77; -8162935.9; 4205.1447
1590.73; -8000515; -3536.1536
1591.70; -7715903; -11002.061
1592.67; -7313914.2; -18079.005
1593.64; -6817441.8; -24675.561
1594.60; -6251675.3; -30724.682
1595.57; -5618752.9; -36161.388
1596.54; -4862246.6; -40866.097
1597.51; -4033511.8; -44768.923
1598.48; -3166051.3; -47832.395
1599.44; -2211824.2; -49972.556
1600.41; -1235242.2; -51167.776
1601.38; -234171.95; -51394.361
1602.35; 753786.86; -50664.997
1603.31; 1690784.5; -49028.994
1604.28; 2620542; -46493.357
1605.25; 3530628.7; -43077.121
1606.22; 4358375.6; -38859.957
1607.18; 5087895.9; -33936.909
1608.15; 5756201.7; -28367.208
1609.12; 6315395.6; -22256.431
1610.09; 6773319.9; -15702.567
1611.05; 7111560.2; -8821.4212
1612.02; 7327669.6; -1731.168
1612.99; 7400564.9; 5429.6186
1613.96; 7357363.3; 12548.603
1614.92; 7170062.9; 19486.356
1615.89; 6891440.9; 26154.514
1616.86; 6543636.9; 32486.137
1617.83; 6089942.6; 38378.766
1618.79; 5559073.4; 43757.725
1619.76; 4954242.2; 48551.45
1620.73; 4291607.1; 52704.009
1621.70; 3620505.9; 56207.211
1622.67; 2877872.7; 58991.84
1623.63; 2136871.7; 61059.477
1624.60; 1409986.2; 62423.78
1625.57; 731901.26; 63131.968
1626.54; 89232.607; 63218.309
1627.50; -486983.49; 62747.104
1628.47; -1021033.8; 61759.152
1629.44; -1469894.6; 60336.882
1630.41; -1809127.4; 58586.37
1631.37; -2058448.4; 56594.615
1632.34; -2175758; 54489.352
1633.31; -2181492.4; 52378.54
1634.28; -2066262.6; 50379.224
1635.24; -1866102; 48573.584
1636.21; -1562377.1; 47061.828
1637.18; -1123937.4; 45974.306
1638.15; -615438.46; 45378.808
1639.11; -66370.115; 45314.588
1640.08; 605054.67; 45900.039
1641.05; 1304796.9; 47162.56
1642.02; 2075886.6; 49171.188
1642.98; 2900483.1; 51977.696
1643.95; 3742183.8; 55598.633
1644.92; 4591171.9; 60041.05
1645.89; 5425395.2; 65290.663
1646.86; 6207792.9; 71297.323
1647.82; 6942607.1; 78014.99
1648.79; 7578143; 85347.601
1649.76; 8136884.6; 93220.851
1650.73; 8595292.1; 101537.66
1651.69; 8921462.4; 110170.06
1652.66; 9105800.1; 118980.83
1653.63; 9129680.7; 127814.71
1654.60; 9000931.2; 136524.01
1655.56; 8741004.4; 144981.81
1656.53; 8355682.6; 153066.77
1657.50; 7829107.6; 160642.21
1658.47; 7191393.7; 167600.61
1659.43; 6433660.3; 173825.82
1660.40; 5574806.3; 179220
1661.37; 4621262.3; 183691.53
1662.34; 3606071.2; 187180.77
1663.30; 2589787.2; 189686.64
1664.27; 1544894.2; 191181.48
1665.24; 488136.05; 191653.8
1666.21; -548486.92; 191123.09
1667.17; -1599250.9; 189575.65
1668.14; -2603969.5; 187056.05
1669.11; -3550924.6; 183620.18
1670.08; -4457743.4; 179306.87
1671.05; -5270811.1; 174206.83
1672.01; -5980640.5; 168419.96
1672.98; -6549825.3; 162082.35
1673.95; -6964665.4; 155343.34
1674.92; -7221250.3; 148356.06
1675.88; -7384147.2; 141211.16
1676.85; -7384993.5; 134065.44
1677.82; -7221921.9; 127077.51
1678.79; -6880240.9; 120420.18
1679.75; -6421631.4; 114206.61
1680.72; -5852649.8; 108543.59
1681.69; -5211375.8; 103501.06
1682.66; -4487236.6; 99159.213
1683.62; -3692685; 95586.171
1684.59; -2853360.9; 92825.259
1685.56; -1948531.8; 90939.859
1686.53; -1014561.1; 89958.17
1687.49; -59644.39; 89900.458
1688.46; 850612.42; 90723.511
1689.43; 1770631.2; 92436.773
1690.40; 2677210.9; 95027.243
1691.36; 3543012.3; 98455.461
1692.33; 4349897.7; 102664.42
1693.30; 5058220.8; 107558.76
1694.27; 5641886.3; 113017.85
1695.24; 6060925.9; 118882.4
1696.20; 6384500.9; 125060.04
1697.17; 6553096.6; 131400.82
1698.14; 6584047.3; 137771.54
1699.11; 6493723.1; 144054.87
1700.07; 6258865; 150110.95
1701.04; 5865637.9; 155786.54
1702.01; 5364675.7; 160977.4
1702.98; 4728096.8; 165552.3
1703.94; 3971171.1; 169394.81
1704.91; 3129266.7; 172422.69
1705.88; 2225051.2; 174575.65
1706.85; 1281724.3; 175815.84
1707.81; 345498.8; 176150.15
1708.78; -604062.43; 175565.66
1709.75; -1536690.1; 174078.76
1710.72; -2441711.6; 171716.16
1711.68; -3356661.2; 168468.25
1712.65; -4227301.6; 164377.91
1713.62; -5017585; 159522.9
1714.59; -5775803; 153934.23
1715.55; -6374990.3; 147765.79
1716.52; -6851428.4; 141136.35
1717.49; -7251373.3; 134119.92
1718.46; -7539366.4; 126824.83
1719.43; -7698514.6; 119375.75
1720.39; -7742964.8; 111883.65
1721.36; -7651724.5; 104479.84
1722.33; -7459632.6; 97261.903
1723.30; -7168455.7; 90325.706
1724.26; -6801432.3; 83744.64
1725.23; -6363598.5; 77587.222
1726.20; -5870046.9; 71907.365
1727.17; -5327933.2; 66752.057
1728.13; -4779324.2; 62127.582
1729.10; -4186082.5; 58077.129
1730.07; -3555371.9; 54636.951
1731.04; -2934023.2; 51797.99
1732.00; -2303335.7; 49569.283
1732.97; -1687921.5; 47936.05
1733.94; -1063947.2; 46906.575
1734.91; -474851.63; 46447.108
1735.87; 39079.036; 46484.921
1736.84; 467195.71; 46936.98
1737.81; 859204.11; 47768.345
1738.78; 1185768.7; 48915.695
1739.74; 1447393.5; 50316.193
1740.71; 1613391.9; 51877.311
1741.68; 1649788.1; 53473.646
1742.65; 1616887.2; 55038.146
1743.62; 1507806.1; 56497.099
1744.58; 1356207.8; 57809.366
1745.55; 1103225.5; 58876.847
1746.52; 768826.06; 59620.763
1747.49; 379046.96; 59987.529
1748.45; -47429.398; 59941.636
1749.42; -490850.8; 59466.689
1750.39; -936023.46; 58560.993
1751.36; -1399428.5; 57206.906
1752.32; -1809775.8; 55455.767
1753.29; -2241092.9; 53287.285
1754.26; -2672784.3; 50701.099
1755.23; -3050761.7; 47749.182
1756.19; -3399164.1; 44460.151
1757.16; -3696284.2; 40883.626
1758.13; -3913965.9; 37096.473
1759.10; -4066802.2; 33161.435
1760.06; -4122866.4; 29172.149
1761.03; -4071189.2; 25232.867
1762.00; -3937602.4; 21422.843
1762.97; -3753880; 17790.588
1763.93; -3515445.9; 14389.043
1764.90; -3229848.7; 11263.841
1765.87; -2895161.4; 8462.4832
1766.84; -2522628.1; 6021.5882
1767.81; -2072009; 4016.7123
1768.77; -1559069.9; 2508.1563
1769.74; -1002923.2; 1537.7278
1770.71; -394810.07; 1155.7096
1771.68; 227549.75; 1375.8867
1772.64; 853231.55; 2201.4736
1773.61; 1446765.2; 3601.3636
1774.58; 1991202.2; 5528.0508
1775.55; 2508173.1; 7954.9591
1776.51; 2978891.9; 10837.335
1777.48; 3386187.8; 14113.81
1778.45; 3714852.5; 17708.302
1779.42; 3993352.7; 21572.27
1780.38; 4254804; 25689.218
1781.35; 4452061.6; 29997.033
1782.32; 4567718.6; 34416.757
1783.29; 4595469.1; 38863.333
1784.25; 4586940.8; 43301.657
1785.22; 4543478.3; 47697.927
1786.19; 4460611.1; 52014.014
1787.16; 4340474.3; 56213.857
1788.12; 4166782.2; 60245.636
1789.09; 3954641.1; 64072.146
1790.06; 3692689.9; 67645.193
1791.03; 3417200.8; 70951.676
1792.00; 3102136.9; 73953.304
1792.96; 2754933.4; 76618.978
1793.93; 2390420.2; 78931.948
1794.90; 2006307.8; 80873.252
1795.87; 1642995.8; 82463.014
1796.83; 1292730.6; 83713.861
1797.80; 973720.83; 84656.033
1798.77; 672980.16; 85307.208
1799.74; 401021.65; 85695.237
1800.70; 179811.56; 85869.223
1801.67; 44536.418; 85912.316
1802.64; -53787.771; 85860.271
1803.61; -88875.577; 85774.275
1804.57; -105743.92; 85671.957
1805.54; -39167.587; 85634.059
1806.51; 93658.883; 85724.683
1807.48; 238487; 85955.443
1808.44; 370544.78; 86313.982
1809.41; 557156.84; 86853.087
1810.38; 750645.97; 87579.412
1811.35; 955112.13; 88503.579
1812.31; 1152400.6; 89618.641
1813.28; 1369340.9; 90943.616
1814.25; 1589265.4; 92481.389
1815.22; 1818621.2; 94241.087
1816.19; 2045844.3; 96220.646
1817.15; 2296424.5; 98442.666
1818.12; 2529358.5; 100890.07
1819.09; 2771343.7; 103571.63
1820.06; 2967288.1; 106442.77
1821.02; 3115875.6; 109457.69
1821.99; 3224836.1; 112578.05
1822.96; 3314636.3; 115785.29
1823.93; 3389195.9; 119064.67
1824.89; 3451189.6; 122404.05
1825.86; 3510678.1; 125800.98
1826.83; 3592541.9; 129277.12
1827.80; 3676681; 132834.68
1828.76; 3790587.8; 136502.45
1829.73; 3884953; 140261.53
1830.70; 3965284.8; 144098.34
1831.67; 3966231.3; 147936.07
1832.63; 3902659; 151712.28
1833.60; 3804931.1; 155393.93
1834.57; 3696570.9; 158970.73
1835.54; 3550965.7; 162406.65
1836.50; 3420493.9; 165716.32
1837.47; 3245249.9; 168856.42
1838.44; 3057690.1; 171815.04
1839.41; 2877973.1; 174599.77
1840.38; 2692251.5; 177204.79
1841.34; 2531436.8; 179654.21
1842.31; 2344383.3; 181922.63
1843.28; 2145663; 183998.78
1844.25; 1947347.7; 185883.03
1845.21; 1677008.1; 187505.7
1846.18; 1386778.4; 188847.55
1847.15; 1076580.3; 189889.25
1848.12; 759759.76; 190624.39
1849.08; 394630.26; 191006.24
1850.05; -13073.937; 190993.59
1851.02; -448961.56; 190559.17
1851.99; -927215.61; 189662
1852.95; -1394102.8; 188313.06
1853.92; -1823364.5; 186548.78
1854.89; -2262370.1; 184359.71
1855.86; -2721417.9; 181726.46
1856.82; -3184412.4; 178645.23
1857.79; -3649544.3; 175113.93
1858.76; -4114103.6; 171133.12
1859.73; -4506803.9; 166772.34
1860.69; -4909422.4; 162021.98
1861.66; -5256421; 156935.87
1862.63; -5604559.1; 151512.9
1863.60; -5948568.1; 145757.06
1864.57; -6312856.4; 139648.74
1865.53; -6639779.5; 133224.09
1866.50; -6924175.5; 126524.26
1867.47; -7144486.7; 119611.25
1868.44; -7288370.1; 112559.03
1869.40; -7314377.6; 105481.63
1870.37; -7308774.6; 98409.664
1871.34; -7189108.7; 91453.483
1872.31; -7000929.5; 84679.383
1873.27; -6761271.3; 78137.177
1874.24; -6531730.7; 71817.075
1875.21; -6205091.7; 65813.028
1876.18; -5831957.9; 60170.025
1877.14; -5409094.7; 54936.185
1878.11; -4980181.2; 50117.362
1879.08; -4507582.6; 45755.825
1880.05; -4034313.5; 41852.223
1881.01; -3519799.9; 38446.465
1881.98; -3049474.8; 35495.793
1882.95; -2525494; 33052.125
1883.92; -1986661.2; 31129.832
1884.88; -1424679.6; 29751.312
1885.85; -911850.24; 28869.006
1886.82; -426176.84; 28456.637
1887.79; 47732.716; 28502.823
1888.76; 464633.85; 28952.403
1889.72; 801908.63; 29728.33
1890.69; 1045621.2; 30740.073
1891.66; 1250372.1; 31949.933
1892.63; 1347230.8; 33253.513
1893.59; 1359247.6; 34568.721
1894.56; 1283211.1; 35810.356
1895.53; 1175735.2; 36947.998
1896.50; 1057700; 37971.428
1897.46; 864043.24; 38807.476
1898.43; 600076.7; 39388.111
1899.40; 351062.48; 39727.799
1900.37; 118243.2; 39842.211
1901.33; -78352.493; 39766.397
1902.30; -298713.48; 39477.362
1903.27; -504988.79; 38988.735
1904.24; -733747.67; 38278.76
1905.20; -967059.63; 37343.034
1906.17; -1161397.2; 36219.266
1907.14; -1301073.9; 34960.346
1908.11; -1412981.8; 33593.145
1909.07; -1467013.5; 32173.663
1910.04; -1460512.3; 30760.471
1911.01; -1416184.6; 29390.171
1911.98; -1292228.3; 28139.811
1912.95; -1122226.5; 27053.944
1913.91; -862695.65; 26219.2
1914.88; -579062.31; 25658.899
1915.85; -248520.75; 25418.431
1916.82; 168424.87; 25581.399
1917.78; 604992.61; 26166.79
1918.75; 1081669.2; 27213.413
1919.72; 1589703; 28751.609
1920.69; 2073950.9; 30758.364
1921.65; 2591160.1; 33265.571
1922.62; 3106267.8; 36271.195
1923.59; 3622801.3; 39776.618
1924.56; 4111795.9; 43755.192
1925.52; 4559733.4; 48167.19
1926.49; 4981209.5; 52987.008
1927.46; 5321645.5; 58136.232
1928.43; 5572349.1; 63528.037
1929.39; 5725627.1; 69068.154
1930.36; 5777380.3; 74658.347
1931.33; 5755813.9; 80227.673
1932.30; 5651877; 85696.429
1933.26; 5419361; 90940.203
1934.23; 5076826.5; 95852.54
1935.20; 4648851.5; 100350.77
1936.17; 4167548.6; 104383.29
1937.14; 3600595.1; 107867.22
1938.10; 2994275.4; 110764.49
1939.07; 2327437.5; 113016.51
1940.04; 1648473.8; 114611.58
1941.01; 911000.5; 115493.06
1941.97; 134769.86; 115623.46
1942.94; -652291.36; 114992.31
1943.91; -1410637; 113627.38
1944.88; -2155501.4; 111541.71
1945.84; -2857999.1; 108776.31
1946.81; -3544961.8; 105346.21
1947.78; -4216639; 101266.19
1948.75; -4812226.7; 96609.877
1949.71; -5288315.6; 91492.902
1950.68; -5651914.4; 86024.11
1951.65; -5897953.4; 80317.25
1952.62; -6029731.5; 74482.882
1953.58; -6037124.4; 68641.361
1954.55; -5934563.2; 62899.077
1955.52; -5674430; 57408.499
1956.49; -5315985.8; 52264.751
1957.45; -4828808.6; 47592.396
1958.42; -4244038; 43485.864
1959.39; -3576184.3; 40025.549
1960.36; -2803487.3; 37312.894
1961.33; -1981245.7; 35395.841
1962.29; -1110709; 34321.119
1963.26; -241053.07; 34087.876
1964.23; 683576.88; 34749.305
1965.20; 1584336.3; 36282.309
1966.16; 2489073.6; 38690.736
1967.13; 3375244; 41956.622
1968.10; 4320574.7; 46137.211
1969.07; 5250635.3; 51217.725
1970.03; 6132688.1; 57151.714
1971.00; 6904020.6; 63832.045
1971.97; 7576446.9; 71163.015
1972.94; 8104055.1; 79004.498
1973.90; 8515184.5; 87243.791
1974.87; 8746592.6; 95706.994
1975.84; 8857651; 104277.66
1976.81; 8810154; 112802.36
1977.77; 8694918.9; 121215.57
1978.74; 8442142; 129384.18
1979.71; 8044875.5; 137168.4
1980.68; 7524461.1; 144449.07
1981.64; 6954045.6; 151177.81
1982.61; 6287510.6; 157261.6
1983.58; 5528398.4; 162610.88
1984.55; 4681376.6; 167140.58
1985.52; 3811216.6; 170828.31
1986.48; 2979015.2; 173710.81
1987.45; 2118552.3; 175760.72
1988.42; 1222705.9; 176943.81
1989.39; 362805.49; 177294.86
1990.35; -453104.28; 176856.44
1991.32; -1239771.9; 175656.83
1992.29; -1975685.5; 173745.16
1993.26; -2627441.3; 171202.85
1994.22; -3201638.6; 168104.94
1995.19; -3694398.6; 164530.24
1996.16; -4056122.9; 160605.54
1997.13; -4272803.9; 156471.17
1998.09; -4375440.7; 152237.5
1999.06; -4360423; 148018.35
2000.03; -4251722; 143904.38
2001.00; -4053988.5; 139981.75
2001.96; -3757019.2; 136346.45
2002.93; -3370667.4; 133085
2003.90; -2931724.2; 130248.26
2004.87; -2477234.6; 127851.29
2005.83; -1995197.3; 125920.73
2006.80; -1473382.7; 124495.09
2007.77; -908145.57; 123616.37
2008.74; -316129.39; 123310.48
2009.71; 295647.54; 123596.55
2010.67; 883638.41; 124451.56
2011.64; 1439772.7; 125844.68
2012.61; 1968811.5; 127749.7
2013.58; 2452017; 130122.28
2014.54; 2869367.1; 132898.68
2015.51; 3185532.6; 135981
2016.48; 3391591.9; 139262.7
2017.45; 3497947.8; 142647.32
2018.41; 3488872.4; 146023.15
2019.38; 3373749.4; 149287.59
2020.35; 3158167.6; 152343.43
2021.32; 2867324.2; 155117.85
2022.28; 2478331.7; 157515.89
2023.25; 2071702; 159520.47
2024.22; 1599131.5; 161067.79
2025.19; 1071173.2; 162104.25
2026.15; 469877.22; 162558.91
2027.12; -185830.05; 162379.1
2028.09; -888057.75; 161519.81
2029.06; -1584953.8; 159986.21
2030.02; -2313239.6; 157747.92
2030.99; -3022092; 154823.74
2031.96; -3737155.5; 151207.67
2032.93; -4399033.6; 146951.17
2033.90; -4970899.6; 142141.33
2034.86; -5490970.1; 136828.26
2035.83; -5990844.7; 131031.52
2036.80; -6405387.6; 124833.67
2037.77; -6671907.7; 118377.93
2038.73; -6849420.1; 111750.43
2039.70; -6891210.3; 105082.5
2040.67; -6835790.9; 98468.186
2041.64; -6696604.4; 91988.551
2042.60; -6480364.9; 85718.15
2043.57; -6224874.5; 79694.962
2044.54; -5907183.1; 73979.171
2045.51; -5552619; 68606.457
2046.47; -5158526; 63615.067
2047.44; -4733607.2; 59034.829
2048.41; -4278661.2; 54894.796
2049.38; -3805201.2; 51212.884
2050.34; -3295830.6; 48023.838
2051.31; -2779581.3; 45334.315
2052.28; -2257172.6; 43150.275
2053.25; -1760975.3; 41446.355
2054.21; -1252734.3; 40234.21
2055.18; -748485.27; 39509.975
2056.15; -288692.82; 39230.636
2057.12; 76861.687; 39305.007
2058.09; 353739.3; 39647.286
2059.05; 541217.33; 40170.968
2060.02; 637045.59; 40787.373
2060.99; 652956.37; 41419.173
2061.96; 594612.06; 41994.52
2062.92; 396490.98; 42378.165
2063.89; 184063.28; 42556.264
2064.86; -69466.229; 42489.049
2065.83; -377519.99; 42123.76
2066.79; -694086.95; 41452.162
2067.76; -1069429.7; 40417.382
2068.73; -1468502.3; 38996.459
2069.70; -1891910.1; 37165.847
2070.66; -2331687.4; 34909.706
2071.63; -2788877; 32211.189
2072.60; -3239174; 29076.964
2073.57; -3670448.2; 25525.438
2074.53; -4075155.4; 21582.318
2075.50; -4455086.5; 17271.576
2076.47; -4759147.6; 12666.625
2077.44; -4993716; 7834.7053
2078.40; -5127384.6; 2873.4479
2079.37; -5206470.7; -2164.3331
2080.34; -5172676.4; -7169.4147
2081.31; -5020713.3; -12027.457
2082.28; -4784268; -16656.715
2083.24; -4455171.1; -20967.538
2084.21; -4034488.1; -24871.309
2085.18; -3553416.5; -28309.595
2086.15; -2999238.4; -31211.658
2087.11; -2400589.1; -33534.468
2088.08; -1772604.1; -35249.639
2089.05; -1075453.7; -36290.248
2090.02; -325272.37; -36604.982
2090.98; 444207.74; -36175.167
2091.95; 1228175.9; -34986.784
2092.92; 2079996.9; -32974.179
2093.89; 2968247.6; -30102.102
2094.85; 3887714.8; -26340.349
2095.82; 4773123.9; -21721.875
2096.79; 5615365.1; -16288.447
2097.76; 6431013.4; -10065.799
2098.72; 7208974.7; -3090.3951
2099.69; 7916264.4; 4569.3824
2100.66; 8538420; 12831.158
2101.63; 9056744.6; 21594.464
2102.59; 9468640; 30756.32
2103.56; 9803705.5; 40242.385
2104.53; 10021323; 49939.017
2105.50; 10161581; 59771.363
2106.47; 10260002; 69698.941
2107.43; 10276973; 79642.94
2108.40; 10230899; 89542.358
2109.37; 10106799; 99321.696
2110.34; 9904551.3; 108905.34
2111.30; 9666256.1; 118258.41
2112.27; 9348771; 127304.28
2113.24; 8982847.4; 135996.08
2114.21; 8569681.1; 144288.11
2115.17; 8093084.8; 152118.98
2116.14; 7571914.3; 159445.56
2117.11; 7013470.8; 166231.79
2118.08; 6426684.8; 172450.25
2119.04; 5846307.1; 178107.14
2120.01; 5255831.6; 183192.68
2120.98; 4652903.8; 187694.83
2121.95; 3996077.4; 191561.44
2122.91; 3349827.1; 194802.73
2123.88; 2713790.4; 197428.59
2124.85; 2101585.1; 199462.09
2125.82; 1508223.2; 200921.45
2126.78; 926913.61; 201818.33
2127.75; 414452.44; 202219.35
2128.72; -55875.652; 202165.29
2129.69; -509387.84; 201672.4
2130.66; -937610.4; 200765.17
2131.62; -1308688.9; 199498.88
2132.59; -1656811.7; 197895.75
2133.56; -1937738.3; 196020.8
2134.53; -2192099.4; 193899.72
2135.49; -2415883.4; 191562.11
2136.46; -2613447.4; 189033.34
2137.43; -2785041.5; 186338.53
2138.40; -2887980.3; 183544.12
2139.36; -2948214.5; 180691.43
2140.33; -3028995.4; 177760.58
2141.30; -3027248; 174831.41
2142.27; -3014284.2; 171914.79
2143.23; -2975134.5; 169036.05
2144.20; -2938081.7; 166193.16
2145.17; -2903770.7; 163383.47
2146.14; -2816380.3; 160658.34
2147.10; -2734571.3; 158012.37
2148.07; -2638779.1; 155459.09
2149.04; -2515633.3; 153024.96
2150.01; -2381313.3; 150720.8
2150.97; -2254957.9; 148538.91
2151.94; -2130498.7; 146477.44
2152.91; -1997974.4; 144544.2
2153.88; -1862899.4; 142741.65
2154.85; -1731220.5; 141066.53
2155.81; -1632411.5; 139487
2156.78; -1557146.5; 137980.31
2157.75; -1448098.4; 136579.13
2158.72; -1353062.8; 135269.91
2159.68; -1288953.2; 134022.71
2160.65; -1264875.5; 132798.82
2161.62; -1230247.6; 131608.43
2162.59; -1174571.2; 130471.92
2163.55; -1136864.7; 129371.89
2164.52; -1137405.6; 128271.33
2165.49; -1166521.7; 127142.61
2166.46; -1239530.9; 125943.24
2167.42; -1296680.4; 124688.57
2168.39; -1348760.8; 123383.51
2169.36; -1388048.5; 122040.43
2170.33; -1421775; 120664.72
2171.29; -1482942.2; 119229.83
2172.26; -1542812.5; 117737
2173.23; -1615013; 116174.32
2174.20; -1734976; 114495.55
2175.16; -1845951.4; 112709.41
2176.13; -1983769.8; 110789.92
2177.10; -2131477.7; 108727.5
2178.07; -2268292.6; 106532.7
2179.04; -2405100.1; 104205.52
2180.00; -2540849.9; 101747
2180.97; -2631023.7; 99201.218
2181.94; -2704902.5; 96583.955
2182.91; -2800817.4; 93873.884
2183.87; -2874686.2; 91092.337
2184.84; -2930757.5; 88256.537
2185.81; -2931705.5; 85419.818
2186.78; -2912772.8; 82601.419
2187.74; -2907053.6; 79788.554
2188.71; -2876226.9; 77005.517
2189.68; -2826462.5; 74270.632
2190.65; -2748557.4; 71611.128
2191.61; -2706870.7; 68991.96
2192.58; -2651015.2; 66426.837
2193.55; -2593278.3; 63917.581
2194.52; -2520019.5; 61479.21
2195.48; -2395200.2; 59161.615
2196.45; -2273950.9; 56961.34
2197.42; -2177857.9; 54854.044
2198.39; -2131321.6; 52791.778
2199.35; -2079601.6; 50779.555
2200.32; -2020861.6; 48824.17
2201.29; -1923806.3; 46962.695
2202.26; -1884426; 45139.324
2203.23; -1847512.5; 43351.671
2204.19; -1834858; 41576.262
2205.16; -1839782.1; 39796.089
2206.13; -1851780.8; 38004.306
2207.10; -1857477.1; 36207.011
2208.06; -1881548.2; 34386.425
2209.03; -1918563.3; 32530.023
2210.00; -1974197.2; 30619.79
2210.97; -2022888.2; 28662.443
2211.93; -2085005.9; 26644.992
2212.90; -2165029.8; 24550.109
2213.87; -2236199.2; 22386.363
2214.84; -2317404.7; 20144.042
2215.80; -2382941.9; 17838.307
2216.77; -2460228.8; 15457.79
2217.74; -2518713; 13020.683
2218.71; -2580757.4; 10523.542
2219.67; -2616692.7; 7991.6304
2220.64; -2603610.5; 5472.3768
2221.61; -2562782.6; 2992.6284
2222.58; -2470390.8; 602.27826
2223.54; -2344990.1; -1666.7341
2224.51; -2177158.5; -3773.3527
2225.48; -1978628.6; -5687.8737
2226.45; -1775134.1; -7405.4935
2227.42; -1494714; -8851.7788
2228.38; -1156716.3; -9971.0175
2229.35; -820881.02; -10765.302
2230.32; -420080.03; -11171.771
2231.29; 11291.256; -11160.846
2232.25; 448448.13; -10726.928
2233.22; 878473.64; -9876.9165
2234.19; 1338732.2; -8581.5593
2235.16; 1836809; -6804.2629
2236.12; 2335483.1; -4544.4494
2237.09; 2821847.2; -1814.03
2238.06; 3313429.2; 1392.0441
2239.03; 3842528.7; 5110.0748
2239.99; 4387870.9; 9355.7786
2240.96; 4875904.2; 14073.704
2241.93; 5300566.9; 19202.532
2242.90; 5677679.1; 24696.254
2243.86; 5978551.4; 30481.101
2244.83; 6250706.8; 36529.285
2245.80; 6473452.5; 42792.997
2246.77; 6640375.3; 49218.224
2247.73; 6704795.1; 55705.784
2248.70; 6665046.2; 62154.883
2249.67; 6582258.9; 68523.877
2250.64; 6444982.8; 74760.042
2251.61; 6242501.4; 80800.286
2252.57; 5969287.8; 86576.169
2253.54; 5682271.6; 92074.335
2254.51; 5357495; 97258.247
2255.48; 4954896; 102052.6
2256.44; 4491294.2; 106398.38
2257.41; 3992865.5; 110261.88
2258.38; 3481149.1; 113630.24
2259.35; 2904536.5; 116440.67
2260.31; 2311043; 118676.83
2261.28; 1709539.2; 120330.98
2262.25; 1140328.3; 121434.36
2263.22; 620285.26; 122034.55
2264.18; 134869.64; 122165.05
2265.15; -319278.32; 121856.12
2266.12; -784758.68; 121096.79
2267.09; -1225340.9; 119911.15
2268.05; -1631246.2; 118332.75
2269.02; -1996384.6; 116401.05
2269.99; -2271489.9; 114203.16
2270.96; -2478268.8; 111805.18
2271.92; -2587029.5; 109301.97
2272.89; -2577362.7; 106808.12
2273.86; -2510050.3; 104379.39
2274.83; -2395606.5; 102061.4
2275.80; -2181337.9; 99950.742
2276.76; -1897738.4; 98114.49
2277.73; -1587698.7; 96578.233
2278.70; -1209563.6; 95407.859
2279.67; -808915.48; 94625.153
2280.63; -342735.92; 94293.521
2281.60; 140419.08; 94429.391
2282.57; 668063.46; 95075.809
2283.54; 1217122.6; 96253.497
2284.50; 1766148.7; 97962.422
2285.47; 2271374.4; 100160.2
2286.44; 2726643.8; 102798.5
2287.41; 3149637.2; 105846.09
2288.37; 3599670.6; 109329.14
2289.34; 4032837.6; 113231.31
2290.31; 4405010.7; 117493.6
2291.28; 4719263.8; 122059.96
2292.24; 4964667.5; 126863.77
2293.21; 5183177; 131879.01
2294.18; 5370693; 137075.69
2295.15; 5475990; 142374.26
2296.11; 5501269.1; 147697.29
2297.08; 5426547; 152948.02
2298.05; 5291448.1; 158068.02
2299.02; 5119905.2; 163022.04
2299.99; 4880227.7; 167744.15
2300.95; 4581994.2; 172177.69
2301.92; 4229229; 176269.89
2302.89; 3823425.5; 179969.44
2303.86; 3386020.3; 183245.75
2304.82; 2943279.3; 186093.67
2305.79; 2494264.7; 188507.12
2306.76; 2010193.4; 190452.18
2307.73; 1563049.5; 191964.59
2308.69; 1107698.3; 193036.4
2309.66; 676066.92; 193690.56
2310.63; 235132.36; 193918.07
2311.60; -196506.01; 193727.93
2312.56; -580497.76; 193166.24
2313.53; -925341.56; 192270.88
2314.50; -1275295.6; 191036.91
2315.47; -1594116.1; 189494.44
2316.43; -1900573; 187655.45
2317.40; -2161496.4; 185563.98
2318.37; -2360784.6; 183279.69
2319.34; -2540314.8; 180821.68
2320.30; -2687710; 178221.05
2321.27; -2796636.3; 175515.02
2322.24; -2878049.9; 172730.22
2323.21; -2917147.1; 169907.59
2324.18; -2933867.9; 167068.78
2325.14; -2952460.5; 164211.98
2326.11; -2973188.4; 161335.12
2327.08; -3008109.6; 158424.48
2328.05; -3059578.9; 155464.03
2329.01; -3096756.5; 152467.61
2329.98; -3112761.6; 149455.7
2330.95; -3165863.5; 146392.41
2331.92; -3251809.6; 143245.96
2332.88; -3361697.2; 139993.18
2333.85; -3491358.1; 136614.94
2334.82; -3599606; 133131.96
2335.79; -3757381.2; 129496.32
2336.75; -3962953; 125661.77
2337.72; -4207572.1; 121590.52
2338.69; -4480659.1; 117255.03
2339.66; -4721188.8; 112686.81
2340.62; -4996261.5; 107852.43
2341.59; -5309610.7; 102714.85
2342.56; -5657277.5; 97240.869
2343.53; -5989407.3; 91445.518
2344.49; -6317140.8; 85333.053
2345.46; -6625446.7; 78922.271
2346.43; -6949098.6; 72198.323
2347.40; -7245436.1; 65187.639
2348.37; -7496566.7; 57933.961
2349.33; -7632721.4; 50548.54
2350.30; -7780188.7; 43020.429
2351.27; -7859292.3; 35415.778
2352.24; -7956379.3; 27717.185
2353.20; -7991380.7; 19984.725
2354.17; -7967387.6; 12275.481
2355.14; -7908550; 4623.1681
2356.11; -7798786.9; -2922.9381
2357.07; -7644398.4; -10319.658
2358.04; -7406550.7; -17486.236
2359.01; -7136451.5; -24391.467
2359.98; -6820056.7; -30990.554
2360.94; -6426285; -37208.627
2361.91; -5989235.2; -43003.811
2362.88; -5533655.4; -48358.176
2363.85; -5051510.8; -53246.018
2364.81; -4549087.4; -57647.715
2365.78; -4016838; -61534.407
2366.75; -3465629.3; -64887.75
2367.72; -2922484.4; -67715.546
2368.68; -2313941.1; -69954.515
2369.65; -1672314.6; -71572.647
2370.62; -1038193.2; -72577.203
2371.59; -388860.32; -72953.464
2372.56; 261176.67; -72700.75
2373.52; 866361.55; -71862.458
2374.49; 1415986.7; -70492.349
2375.46; 1954432.6; -68601.24
2376.43; 2502920.7; -66179.414
2377.39; 2930266.3; -63344.089
2378.36; 3278924; -60171.402
2379.33; 3582424.4; -56705.048
2380.30; 3883446.8; -52947.425
2381.26; 4147913.4; -48933.904
2382.23; 4387199.1; -44688.85
2383.20; 4585916.7; -40251.517
2384.17; 4737890.7; -35667.134
2385.13; 4908170.7; -30917.988
2386.10; 5022531.9; -26058.186
2387.07; 5126189; -21098.086
2388.04; 5202345.7; -16064.296
2389.00; 5245239; -10989.003
2389.97; 5298149.5; -5862.5134
2390.94; 5374287.4; -662.3529
2391.91; 5387429.5; 4550.5238
2392.87; 5342675.6; 9720.0967
2393.84; 5307274.5; 14855.416
2394.81; 5306097; 19989.595
2395.78; 5286600.4; 25104.91
2396.75; 5280285.1; 30214.113
2397.71; 5272861.9; 35316.135
2398.68; 5252803.2; 40398.747
2399.65; 5228159.5; 45457.514
2400.62; 5234705.7; 50522.615
2401.58; 5287176.1; 55638.487
2402.55; 5369590.8; 60834.103
2403.52; 5435924.9; 66093.904
2404.49; 5469355.1; 71386.052
2405.45; 5490445.3; 76698.607
2406.42; 5483234; 82004.184
2407.39; 5504414.5; 87330.256
2408.36; 5550670.3; 92701.084
2409.32; 5636330.5; 98154.798
2410.29; 5699892.2; 103670.01
2411.26; 5725911.8; 109210.41
2412.23; 5777958.9; 114801.16
2413.19; 5837689.2; 120449.71
2414.16; 5885669.3; 126144.68
2415.13; 5891157.2; 131844.96
2416.10; 5860228.4; 137515.32
2417.06; 5788268; 143116.05
2418.03; 5702942.4; 148634.22
2419.00; 5616165.7; 154068.42
2419.97; 5528913.6; 159418.19
2420.94; 5426888.9; 164669.25
2421.90; 5272367.6; 169770.8
2422.87; 5096605.9; 174702.27
2423.84; 4878463.1; 179422.67
2424.81; 4688120.5; 183958.9
2425.77; 4512146.4; 188324.85
2426.74; 4293614.5; 192479.35
2427.71; 4064683.5; 196412.34
2428.68; 3792358.3; 200081.83
2429.64; 3505304.4; 203473.56
2430.61; 3198731; 206568.65
2431.58; 2864396.3; 209340.24
2432.55; 2574266.9; 211831.1
2433.51; 2271942; 214029.43
2434.48; 1922245.3; 215889.4
2435.45; 1534745.9; 217374.42
2436.42; 1114646; 218452.95
2437.38; 673919.25; 219105.03
2438.35; 234101.04; 219331.55
2439.32; -187441.63; 219150.18
2440.29; -594166.25; 218575.26
2441.25; -983320.19; 217623.8
2442.22; -1322345.6; 216344.3
2443.19; -1645173.5; 214752.43
2444.16; -1964827.7; 212851.27
2445.13; -2303890.9; 210622.02
2446.09; -2645303; 208062.43
2447.06; -2993248.5; 205166.16
2448.03; -3320654; 201953.09
2449.00; -3662713.6; 198409.05
2449.96; -3964460.1; 194573.04
2450.93; -4254978.9; 190455.92
2451.90; -4497868.3; 186103.78
2452.87; -4700296.8; 181555.78
2453.83; -4915579.2; 176799.46
2454.80; -5106338.2; 171858.57
2455.77; -5330314.9; 166700.96
2456.74; -5560851.9; 161320.28
2457.70; -5767271.2; 155739.87
2458.67; -5919644.7; 150012.02
2459.64; -6082389.7; 144126.7
2460.61; -6158944.9; 138167.3
2461.57; -6160808.2; 132206.1
2462.54; -6172760.1; 126233.34
2463.51; -6134120.4; 120297.97
2464.48; -6075798.2; 114419.02
2465.44; -5980302.8; 108632.48
2466.41; -5873378.3; 102949.4
2467.38; -5766883.5; 97369.366
2468.35; -5655618.2; 91896.99
2469.32; -5504910; 86570.439
2470.28; -5391164.5; 81353.948
2471.25; -5217488.8; 76305.506
2472.22; -5008313.5; 71459.462
2473.19; -4846789.6; 66769.708
2474.15; -4689953.7; 62231.709
2475.12; -4475429.3; 57901.284
2476.09; -4265223.6; 53774.253
2477.06; -4055906.6; 49849.758
2478.02; -3874483.8; 46100.807
2478.99; -3676050; 42543.862
2479.96; -3503579.5; 39153.798
2480.93; -3329670.5; 35932.009
2481.89; -3130774; 32902.672
2482.86; -2945748; 30052.366
2483.83; -2787580.3; 27355.103
2484.80; -2621953.2; 24818.102
2485.76; -2468573.1; 22429.51
2486.73; -2308619.6; 20195.69
2487.70; -2217297.8; 18050.232
2488.67; -2098612.1; 16019.615
2489.63; -1989121.2; 14094.942
2490.60; -1922021; 12235.194
2491.57; -1831821.2; 10462.724
2492.54; -1727427.9; 8791.2647
2493.51; -1594295.2; 7248.6247
2494.47; -1484926.6; 5811.8097
2495.44; -1392656.3; 4464.2754
2496.41; -1276027.1; 3229.5916
2497.38; -1108798; 2156.7187
2498.34; -958327.44; 1229.4411
2499.31; -780400.7; 474.32539
2500.28; -604808.82; -110.88763
2501.25; -448843.23; -545.18834
2502.21; -312428.95; -847.49459
2503.18; -131075.12; -974.32288
2504.15; 81500.421; -895.46307
2505.12; 352331.85; -554.54677
2506.08; 625752.57; 50.931415
2507.05; 952091.6; 972.17525
2508.02; 1220245.4; 2152.8847
2508.99; 1469602; 3574.8716
2509.95; 1737412.6; 5255.992
2510.92; 2015628.5; 7206.3142
2511.89; 2229907.5; 9363.9726
2512.86; 2432599.6; 11717.756
2513.82; 2576841.5; 14211.108
2514.79; 2746271.8; 16868.401
2515.76; 2868150.3; 19643.623
2516.73; 2999551.4; 22545.989
2517.70; 3087869; 25533.811
2518.66; 3107114.1; 28540.254
2519.63; 3117906.2; 31557.14
2520.60; 3152361.1; 34607.365
2521.57; 3161032.4; 37665.98
2522.53; 3154709.3; 40718.477
2523.50; 3114484.1; 43732.051
2524.47; 3058481.5; 46691.438
2525.44; 2949744.9; 49545.611
2526.40; 2774449.8; 52230.169
2527.37; 2570144.2; 54717.04
2528.34; 2297060.1; 56939.676
2529.31; 1979968; 58855.493
2530.27; 1645257.9; 60447.444
2531.24; 1336948.2; 61741.076
2532.21; 1037764.2; 62745.216
2533.18; 784566.59; 63504.363
2534.14; 515223.72; 64002.893
2535.11; 317745.79; 64310.344
2536.08; 115471.9; 64422.075
2537.05; -30046.979; 64393.001
2538.01; -123575.3; 64273.43
2538.98; -247868.75; 64033.592
2539.95; -307705.35; 63735.856
2540.92; -358702.9; 63388.775
2541.89; -389874.48; 63011.533
2542.85; -388863.03; 62635.269
2543.82; -393142.42; 62254.864
2544.79; -350101.63; 61916.106
2545.76; -255906.33; 61668.491
2546.72; -154447.2; 61519.048
2547.69; -12636.96; 61506.82
2548.66; 146454.81; 61648.53
2549.63; 342485.45; 61979.919
2550.59; 562989.56; 62524.668
2551.56; 803358.9; 63301.998
2552.53; 1005882.6; 64275.29
2553.50; 1206281.7; 65442.488
2554.46; 1410978.7; 66807.751
2555.43; 1612842.5; 68368.337
2556.40; 1770819.1; 70081.782
2557.37; 1852837.3; 71874.587
2558.33; 1925709.6; 73737.904
2559.30; 1952756.4; 75627.391
2560.27; 1925652.8; 77490.653
2561.24; 1905079.4; 79334.007
2562.20; 1860977.8; 81134.69
2563.17; 1822941.8; 82898.568
2564.14; 1742846.8; 84584.947
2565.11; 1691493.2; 86221.635
2566.08; 1642101.9; 87810.533
2567.04; 1605998; 89364.497
2568.01; 1542754.9; 90857.267
2568.98; 1423111.7; 92234.27
2569.95; 1272084.4; 93465.138
2570.91; 1088780.1; 94518.642
2571.88; 869812.8; 95360.273
2572.85; 635800.12; 95975.473
2573.82; 400171.18; 96362.679
2574.78; 189713.23; 96546.245
2575.75; -38495.956; 96508.997
2576.72; -204138.67; 96311.472
2577.69; -322752.82; 95999.176
2578.65; -397480.76; 95614.574
2579.62; -414334.36; 95213.664
2580.59; -361112.83; 94864.251
2581.56; -278461.07; 94594.812
2582.52; -127681.02; 94471.268
2583.49; 56658.726; 94526.091
2584.46; 290315.21; 94807
2585.43; 528188.33; 95318.075
2586.39; 788954.53; 96081.468
2587.36; 1112926.9; 97158.336
2588.33; 1455558.6; 98566.734
2589.30; 1789731.3; 100298.48
2590.27; 2126193.6; 102355.78
2591.23; 2480881.3; 104756.28
2592.20; 2829785.5; 107494.38
2593.17; 3200943.6; 110591.62
2594.14; 3607157.3; 114081.9
2595.10; 3992112.4; 117944.67
2596.07; 4345911.4; 122149.77
2597.04; 4660557.5; 126659.33
2598.01; 4930598.5; 131430.18
2598.97; 5101644; 136366.53
2599.94; 5216429.5; 141413.95
2600.91; 5237711.2; 146481.95
2601.88; 5182973.3; 151497
2602.84; 5048054.8; 156381.5
2603.81; 4823191.5; 161048.42
2604.78; 4517434; 165419.49
2605.75; 4142609.5; 169427.88
2606.71; 3733838.8; 173040.74
2607.68; 3257081.5; 176192.29
2608.65; 2725449.7; 178829.43
2609.62; 2153153.8; 180912.83
2610.58; 1593859.1; 182455.04
2611.55; 999684.3; 183422.34
2612.52; 387157.06; 183796.95
2613.49; -230292.06; 183574.12
2614.46; -853356.17; 182748.41
2615.42; -1433660.6; 181361.2
2616.39; -1999970.3; 179426.03
2617.36; -2539556.7; 176968.76
2618.33; -3051090.4; 174016.52
2619.29; -3543202.1; 170588.12
2620.26; -4028737; 166689.91
2621.23; -4486596.1; 162348.68
2622.20; -4859881.3; 157646.26
2623.16; -5212397.2; 152602.75
2624.13; -5444140; 147335
2625.10; -5579287.2; 141936.48
2626.07; -5630759.6; 136488.16
2627.03; -5612318.3; 131057.68
2628.00; -5534752.9; 125702.25
2628.97; -5394818.8; 120482.22
2629.94; -5150482.3; 115498.62
2630.90; -4826122; 110828.86
2631.87; -4471643.6; 106502.1
2632.84; -4114076.9; 102521.32
2633.81; -3670447; 98969.794
2634.77; -3223711.7; 95850.53
2635.74; -2850447.1; 93092.438
2636.71; -2536217.2; 90638.394
2637.68; -2213416.3; 88496.692
2638.65; -1898378.4; 86659.822
2639.61; -1624392.2; 85088.06
2640.58; -1363562.5; 83768.677
2641.55; -1125511.3; 82679.632
2642.52; -901694.57; 81807.152
2643.48; -720715.36; 81109.788
2644.45; -574293.41; 80554.102
2645.42; -551757.68; 80020.221
2646.39; -643011.71; 79398.043
2647.35; -761324.27; 78661.385
2648.32; -956904.61; 77735.485
2649.29; -1167344.3; 76605.962
2650.26; -1468231.9; 75185.301
2651.22; -1770042.3; 73472.608
2652.19; -2107002.6; 71433.872
2653.16; -2446943.3; 69066.21
2654.13; -2847515.1; 66310.954
2655.09; -3297150.3; 63120.632
2656.06; -3798043.4; 59445.645
2657.03; -4307021.5; 55278.171
2658.00; -4780527.5; 50652.533
2658.96; -5200677.4; 45620.357
2659.93; -5606027.1; 40195.965
2660.90; -5971900.4; 34417.555
2661.87; -6281993.1; 28339.098
2662.84; -6545215.5; 22005.947
2663.80; -6704147.9; 15519.014
2664.77; -6781170.7; 8957.5533
2665.74; -6767790.2; 2409.0395
2666.71; -6716954.8; -4090.286
2667.67; -6602010.7; -10478.392
2668.64; -6410687.1; -16681.372
2669.61; -6119750.9; -22602.843
2670.58; -5743983.5; -28160.722
2671.54; -5295290.1; -33284.445
2672.51; -4809592.1; -37938.206
2673.48; -4311839.3; -42110.342
2674.45; -3761840; -45750.298
2675.41; -3179065; -48826.361
2676.38; -2562330.1; -51305.672
2677.35; -1974244.3; -53215.951
2678.32; -1396287.7; -54566.999
2679.28; -802253.02; -55343.259
2680.25; -203672.39; -55540.332
2681.22; 418488.21; -55135.403
2682.19; 996699.53; -54170.996
2683.15; 1518838.3; -52701.369
2684.12; 2021983.3; -50744.897
2685.09; 2481243.7; -48344.046
2686.06; 2913872.3; -45524.583
2687.03; 3308898.4; -42322.893
2687.99; 3577809.1; -38861.005
2688.96; 3803912.3; -35180.339
2689.93; 3969138.3; -31339.801
2690.90; 4064644.7; -27406.851
2691.86; 4132166.4; -23408.567
2692.83; 4113609.4; -19428.238
2693.80; 4088997.4; -15471.725
2694.77; 3998459.7; -11602.815
2695.73; 3847589.1; -7879.8878
2696.70; 3674356.1; -4324.5808
2697.67; 3498875.9; -939.06849
2698.64; 3355167; 2307.3911
2699.60; 3208399; 5411.838
2700.57; 3165930; 8475.1918
2701.54; 3164797.2; 11537.45
2702.51; 3165277.2; 14600.172
2703.47; 3203782.6; 17700.152
2704.44; 3298430.3; 20891.713
2705.41; 3401074.1; 24182.592
2706.38; 3487514; 27557.111
2707.34; 3594469.7; 31035.12
2708.31; 3778900.5; 34691.584
2709.28; 4015380.6; 38576.866
2710.25; 4320249.6; 42757.14
2711.22; 4659634.8; 47265.802
2712.18; 5058597.9; 52160.502
2713.15; 5482691.7; 57465.554
2714.12; 5904870.2; 63179.106
2715.09; 6413622.6; 69384.928
2716.05; 6903228.8; 76064.492
2717.02; 7393062.2; 83218.019
2717.99; 7934197.9; 90895.149
2718.96; 8479007.3; 99099.436
2719.92; 8994617.1; 107802.63
2720.89; 9471695.5; 116967.44
2721.86; 9890365.9; 126537.36
2722.83; 10249485; 136454.76
2723.79; 10540559; 146653.8
2724.76; 10711927; 157018.67
2725.73; 10791301; 167460.33
2726.70; 10774036; 177885.28
2727.66; 10630177; 188171.04
2728.63; 10370458; 198205.5
2729.60; 10079530; 207958.45
2730.57; 9681873.2; 217326.63
2731.53; 9205128.9; 226233.52
2732.50; 8603285.5; 234558.05
2733.47; 7958183.8; 242258.39
2734.44; 7285263.8; 249307.61
2735.41; 6568495.1; 255663.29
2736.37; 5822298; 261296.95
2737.34; 4961434; 266097.63
2738.31; 4075286.8; 270040.88
2739.28; 3152936.3; 273091.66
2740.24; 2215948.7; 275235.81
2741.21; 1285284.8; 276479.45
2742.18; 313126.08; 276782.43
2743.15; -640383.47; 276162.8
2744.11; -1574316.8; 274639.49
2745.08; -2499251; 272221.21
2746.05; -3347819; 268981.86
2747.02; -4164773.4; 264952.03
2747.98; -4928565.5; 260183.15
2748.95; -5634531.9; 254731.18
2749.92; -6253287.1; 248680.49
2750.89; -6824231.6; 242077.37
2751.85; -7324135.8; 234990.53
2752.82; -7758581.6; 227483.33
2753.79; -8117455.5; 219628.88
2754.76; -8415831.8; 211485.72
2755.72; -8671087.4; 203095.58
2756.69; -8876884.4; 194506.3
2757.66; -8978992.1; 185818.23
2758.63; -8979578.3; 177129.59
2759.60; -8906271.1; 168511.88
2760.56; -8767837.6; 160028.12
2761.53; -8584132.5; 151722.12
2762.50; -8367485.1; 143625.74
2763.47; -8123482.9; 135765.46
2764.43; -7843128.8; 128176.45
2765.40; -7544572.9; 120876.32
2766.37; -7260029.1; 113851.51
2767.34; -6972053.5; 107105.35
2768.30; -6664165.7; 100657.11
2769.27; -6398213.6; 94466.196
2770.24; -6126189.8; 88538.494
2771.21; -5858722; 82869.595
2772.17; -5635510.7; 77416.675
2773.14; -5451019.4; 72142.269
2774.11; -5255665.9; 67056.886
2775.08; -5065161; 62155.836
2776.04; -4902262.6; 57412.407
2777.01; -4741284; 52824.741
2777.98; -4617480.2; 48356.867
2778.95; -4503433.8; 43999.344
2779.91; -4442261.7; 39701.012
2780.88; -4395681.4; 35447.751
2781.85; -4286498.7; 31300.135
2782.82; -4212509.5; 27224.11
2783.79; -4159113.1; 23199.752
2784.75; -4057244.7; 19273.962
2785.72; -3926483; 15474.698
